Submission ID,Respondent ID,Submitted at,Name,Your email address,unique_token,City,Position,"If elected, will you vote to fund your municipality’s Active Transportation Master Plan?",Master Plan Support Comments,Do you think we should be spending more on active transportation?,Active Transportation Plan Support Comments,"If elected, would you be willing to propose specific active transportation initiatives to your council?",Council Motion Support Comments,What are the two or three most important things you would like your municipal  Council to accomplish over the next four years to support active transportation?,"When our shared mobility contracts are next up for renewal , will you support transitioning the Region of Waterloo to a true municipal bike-share model - similar to Hamilton or Toronto - with cheaper non-electric options, and affordable monthly memberships?",Shared Mobility Comments,Will you support the funding required to achieve a snow clearing standard for major cycling routes within the same time frame (maximum of 24 hours) as we have for roads?,Snow Clearing Comments,"The Province is proposing a new class structure for power-assisted e-bikes that would exclude moped and motorcycle-type bikes (these would require licences). For the e-bikes that do not require licences, would you support the municipalities giving the same access as a regular bike, provided they fulfill two key criteria - maximum speed from the motor of 32 km/hr and maximum weight of 55 kilograms?",E-bike Comments,"Would you support a significant allocation of the Regional budget for “standalone” cycling infrastructure projects? The expectation is that staff will identify the most critical gaps in the cycling network that could be filled now, rather than waiting for the next major roadwork on that section of road?",Standalone Budget Comments,Bike Rack / Storage Ideas,For Cambridge Candidates Only : Would you support the CycleWR Cambridge wayfinding proposal?,Would you like to hear more about this proposal?,Cambridge Wayfinding Comments
sample0001,resp0001,2026-09-11 12:00:00,Sample Candidate 1,private1@example.com,token0001,Kitchener,Mayor,Unsure,"Sample answer. A real candidate's full written response appears here exactly as submitted.

Line breaks between paragraphs are kept.",Yes,"Sample answer. A real candidate's full written response appears here exactly as submitted.

Line breaks between paragraphs are kept.",Unsure,"Sample answer. A real candidate's full written response appears here exactly as submitted.

Line breaks between paragraphs are kept.","Sample answer. A real candidate's full written response appears here exactly as submitted.

Line breaks between paragraphs are kept.",Unsure,"Sample answer. A real candidate's full written response appears here exactly as submitted.

Line breaks between paragraphs are kept.",Unsure,"Sample answer. A real candidate's full written response appears here exactly as submitted.

Line breaks between paragraphs are kept.",No,"Sample answer. A real candidate's full written response appears here exactly as submitted.

Line breaks between paragraphs are kept.",Unsure,,,,,
sample0002,resp0002,2026-09-03 12:00:00,Sample Candidate 2,private2@example.com,token0002,Kitchener,Mayor,,,,,,,,,,,,,,,,,,,
sample0003,resp0003,2026-09-15 12:00:00,Sample Candidate 3,private3@example.com,token0003,Kitchener,Regional Councillor,,,,,,,,,,,,,,,,,,,
sample0004,resp0004,2026-09-22 12:00:00,Sample Candidate 4,private4@example.com,token0004,Kitchener,Regional Councillor,No,,No,,No,"Sample answer. A real candidate's full written response appears here exactly as submitted.

Line breaks between paragraphs are kept.","Sample answer. A real candidate's full written response appears here exactly as submitted.

Line breaks between paragraphs are kept.",Unsure,"Sample answer. A real candidate's full written response appears here exactly as submitted.

Line breaks between paragraphs are kept.",Unsure,,Unsure,"Sample answer. A real candidate's full written response appears here exactly as submitted.

Line breaks between paragraphs are kept.",No,,"Sample answer. A real candidate's full written response appears here exactly as submitted.

Line breaks between paragraphs are kept.",,,
sample0005,resp0005,2026-09-23 12:00:00,Sample Candidate 5,private5@example.com,token0005,Kitchener,Ward Councillor - Ward 1,Yes,"Sample answer. A real candidate's full written response appears here exactly as submitted.

Line breaks between paragraphs are kept.",No,,No,,"Sample answer. A real candidate's full written response appears here exactly as submitted.

Line breaks between paragraphs are kept.",Unsure,,Yes,,Unsure,"Sample answer. A real candidate's full written response appears here exactly as submitted.

Line breaks between paragraphs are kept.",No,"Sample answer. A real candidate's full written response appears here exactly as submitted.

Line breaks between paragraphs are kept.","Sample answer. A real candidate's full written response appears here exactly as submitted.

Line breaks between paragraphs are kept.",,,
sample0006,resp0006,2026-09-14 12:00:00,Sample Candidate 6,private6@example.com,token0006,Kitchener,Ward Councillor - Ward 1,No,"Sample answer. A real candidate's full written response appears here exactly as submitted.

Line breaks between paragraphs are kept.",Yes,"Sample answer. A real candidate's full written response appears here exactly as submitted.

Line breaks between paragraphs are kept.",Yes,"Sample answer. A real candidate's full written response appears here exactly as submitted.

Line breaks between paragraphs are kept.","Sample answer. A real candidate's full written response appears here exactly as submitted.

Line breaks between paragraphs are kept.",Unsure,"Sample answer. A real candidate's full written response appears here exactly as submitted.

Line breaks between paragraphs are kept.",Yes,"Sample answer. A real candidate's full written response appears here exactly as submitted.

Line breaks between paragraphs are kept.",No,,No,"Sample answer. A real candidate's full written response appears here exactly as submitted.

Line breaks between paragraphs are kept.","Sample answer. A real candidate's full written response appears here exactly as submitted.

Line breaks between paragraphs are kept.",,,
sample0007,resp0007,2026-09-04 12:00:00,Sample Candidate 7,private7@example.com,token0007,Kitchener,Ward Councillor - Ward 1,No,"Sample answer. A real candidate's full written response appears here exactly as submitted.

Line breaks between paragraphs are kept.",Unsure,"Sample answer. A real candidate's full written response appears here exactly as submitted.

Line breaks between paragraphs are kept.",Unsure,,"Sample answer. A real candidate's full written response appears here exactly as submitted.

Line breaks between paragraphs are kept.",No,"Sample answer. A real candidate's full written response appears here exactly as submitted.

Line breaks between paragraphs are kept.",Unsure,"Sample answer. A real candidate's full written response appears here exactly as submitted.

Line breaks between paragraphs are kept.",No,"Sample answer. A real candidate's full written response appears here exactly as submitted.

Line breaks between paragraphs are kept.",No,,"Sample answer. A real candidate's full written response appears here exactly as submitted.

Line breaks between paragraphs are kept.",,,
sample0008,resp0008,2026-09-09 12:00:00,Sample Candidate 8,private8@example.com,token0008,Kitchener,Ward Councillor - Ward 1,,,,,,,,,,,,,,,,,,,
sample0009,resp0009,2026-09-21 12:00:00,Sample Candidate 9,private9@example.com,token0009,Kitchener,Ward Councillor - Ward 2,No,"Sample answer. A real candidate's full written response appears here exactly as submitted.

Line breaks between paragraphs are kept.",No,,Yes,,"Sample answer. A real candidate's full written response appears here exactly as submitted.

Line breaks between paragraphs are kept.",Unsure,"Sample answer. A real candidate's full written response appears here exactly as submitted.

Line breaks between paragraphs are kept.",No,"Sample answer. A real candidate's full written response appears here exactly as submitted.

Line breaks between paragraphs are kept.",Unsure,"Sample answer. A real candidate's full written response appears here exactly as submitted.

Line breaks between paragraphs are kept.",Yes,"Sample answer. A real candidate's full written response appears here exactly as submitted.

Line breaks between paragraphs are kept.","Sample answer. A real candidate's full written response appears here exactly as submitted.

Line breaks between paragraphs are kept.",,,
sample0010,resp0010,2026-09-04 12:00:00,Sample Candidate 10,private10@example.com,token0010,Kitchener,Ward Councillor - Ward 2,Unsure,"Sample answer. A real candidate's full written response appears here exactly as submitted.

Line breaks between paragraphs are kept.",Unsure,,Yes,"Sample answer. A real candidate's full written response appears here exactly as submitted.

Line breaks between paragraphs are kept.","Sample answer. A real candidate's full written response appears here exactly as submitted.

Line breaks between paragraphs are kept.",No,"Sample answer. A real candidate's full written response appears here exactly as submitted.

Line breaks between paragraphs are kept.",Unsure,,No,,Yes,"Sample answer. A real candidate's full written response appears here exactly as submitted.

Line breaks between paragraphs are kept.","Sample answer. A real candidate's full written response appears here exactly as submitted.

Line breaks between paragraphs are kept.",,,
sample0011,resp0011,2026-09-01 12:00:00,Sample Candidate 11,private11@example.com,token0011,Kitchener,Ward Councillor - Ward 3,,,,,,,,,,,,,,,,,,,
sample0012,resp0012,2026-09-15 12:00:00,Sample Candidate 12,private12@example.com,token0012,Kitchener,Ward Councillor - Ward 3,Yes,"Sample answer. A real candidate's full written response appears here exactly as submitted.

Line breaks between paragraphs are kept.",Yes,,Unsure,,"Sample answer. A real candidate's full written response appears here exactly as submitted.

Line breaks between paragraphs are kept.",No,"Sample answer. A real candidate's full written response appears here exactly as submitted.

Line breaks between paragraphs are kept.",Unsure,,Yes,,Unsure,"Sample answer. A real candidate's full written response appears here exactly as submitted.

Line breaks between paragraphs are kept.","Sample answer. A real candidate's full written response appears here exactly as submitted.

Line breaks between paragraphs are kept.",,,
sample0013,resp0013,2026-09-16 12:00:00,Sample Candidate 13,private13@example.com,token0013,Kitchener,Ward Councillor - Ward 3,Yes,"Sample answer. A real candidate's full written response appears here exactly as submitted.

Line breaks between paragraphs are kept.",No,"Sample answer. A real candidate's full written response appears here exactly as submitted.

Line breaks between paragraphs are kept.",Unsure,"Sample answer. A real candidate's full written response appears here exactly as submitted.

Line breaks between paragraphs are kept.","Sample answer. A real candidate's full written response appears here exactly as submitted.

Line breaks between paragraphs are kept.",Yes,,Yes,"Sample answer. A real candidate's full written response appears here exactly as submitted.

Line breaks between paragraphs are kept.",Unsure,,No,,"Sample answer. A real candidate's full written response appears here exactly as submitted.

Line breaks between paragraphs are kept.",,,
sample0014,resp0014,2026-09-13 12:00:00,Sample Candidate 14,private14@example.com,token0014,Kitchener,Ward Councillor - Ward 4,,,,,,,,,,,,,,,,,,,
sample0015,resp0015,2026-09-04 12:00:00,Sample Candidate 15,private15@example.com,token0015,Kitchener,Ward Councillor - Ward 4,Yes,,No,"Sample answer. A real candidate's full written response appears here exactly as submitted.

Line breaks between paragraphs are kept.",Yes,,"Sample answer. A real candidate's full written response appears here exactly as submitted.

Line breaks between paragraphs are kept.",Unsure,,No,"Sample answer. A real candidate's full written response appears here exactly as submitted.

Line breaks between paragraphs are kept.",No,"Sample answer. A real candidate's full written response appears here exactly as submitted.

Line breaks between paragraphs are kept.",Unsure,"Sample answer. A real candidate's full written response appears here exactly as submitted.

Line breaks between paragraphs are kept.","Sample answer. A real candidate's full written response appears here exactly as submitted.

Line breaks between paragraphs are kept.",,,
sample0016,resp0016,2026-09-17 12:00:00,Sample Candidate 16,private16@example.com,token0016,Kitchener,Ward Councillor - Ward 5,Unsure,,Unsure,,Unsure,,"Sample answer. A real candidate's full written response appears here exactly as submitted.

Line breaks between paragraphs are kept.",Yes,"Sample answer. A real candidate's full written response appears here exactly as submitted.

Line breaks between paragraphs are kept.",Yes,,Unsure,"Sample answer. A real candidate's full written response appears here exactly as submitted.

Line breaks between paragraphs are kept.",Yes,,"Sample answer. A real candidate's full written response appears here exactly as submitted.

Line breaks between paragraphs are kept.",,,
sample0017,resp0017,2026-09-07 12:00:00,Sample Candidate 17,private17@example.com,token0017,Kitchener,Ward Councillor - Ward 5,Unsure,"Sample answer. A real candidate's full written response appears here exactly as submitted.

Line breaks between paragraphs are kept.",Yes,"Sample answer. A real candidate's full written response appears here exactly as submitted.

Line breaks between paragraphs are kept.",Yes,"Sample answer. A real candidate's full written response appears here exactly as submitted.

Line breaks between paragraphs are kept.","Sample answer. A real candidate's full written response appears here exactly as submitted.

Line breaks between paragraphs are kept.",Yes,,Yes,,No,"Sample answer. A real candidate's full written response appears here exactly as submitted.

Line breaks between paragraphs are kept.",Yes,,"Sample answer. A real candidate's full written response appears here exactly as submitted.

Line breaks between paragraphs are kept.",,,
sample0018,resp0018,2026-09-06 12:00:00,Sample Candidate 18,private18@example.com,token0018,Kitchener,Ward Councillor - Ward 5,No,"Sample answer. A real candidate's full written response appears here exactly as submitted.

Line breaks between paragraphs are kept.",No,,Yes,,"Sample answer. A real candidate's full written response appears here exactly as submitted.

Line breaks between paragraphs are kept.",Yes,"Sample answer. A real candidate's full written response appears here exactly as submitted.

Line breaks between paragraphs are kept.",Unsure,"Sample answer. A real candidate's full written response appears here exactly as submitted.

Line breaks between paragraphs are kept.",Yes,"Sample answer. A real candidate's full written response appears here exactly as submitted.

Line breaks between paragraphs are kept.",Yes,,,,,
sample0019,resp0019,2026-09-15 12:00:00,Sample Candidate 19,private19@example.com,token0019,Kitchener,Ward Councillor - Ward 5,No,"Sample answer. A real candidate's full written response appears here exactly as submitted.

Line breaks between paragraphs are kept.",Unsure,,Yes,,"Sample answer. A real candidate's full written response appears here exactly as submitted.

Line breaks between paragraphs are kept.",Unsure,"Sample answer. A real candidate's full written response appears here exactly as submitted.

Line breaks between paragraphs are kept.",Unsure,,Unsure,"Sample answer. A real candidate's full written response appears here exactly as submitted.

Line breaks between paragraphs are kept.",Unsure,"Sample answer. A real candidate's full written response appears here exactly as submitted.

Line breaks between paragraphs are kept.","Sample answer. A real candidate's full written response appears here exactly as submitted.

Line breaks between paragraphs are kept.",,,
sample0020,resp0020,2026-09-10 12:00:00,Sample Candidate 20,private20@example.com,token0020,Kitchener,Ward Councillor - Ward 6,Unsure,"Sample answer. A real candidate's full written response appears here exactly as submitted.

Line breaks between paragraphs are kept.",Yes,"Sample answer. A real candidate's full written response appears here exactly as submitted.

Line breaks between paragraphs are kept.",Yes,"Sample answer. A real candidate's full written response appears here exactly as submitted.

Line breaks between paragraphs are kept.","Sample answer. A real candidate's full written response appears here exactly as submitted.

Line breaks between paragraphs are kept.",Unsure,,No,"Sample answer. A real candidate's full written response appears here exactly as submitted.

Line breaks between paragraphs are kept.",Yes,"Sample answer. A real candidate's full written response appears here exactly as submitted.

Line breaks between paragraphs are kept.",Yes,"Sample answer. A real candidate's full written response appears here exactly as submitted.

Line breaks between paragraphs are kept.","Sample answer. A real candidate's full written response appears here exactly as submitted.

Line breaks between paragraphs are kept.",,,
sample0021,resp0021,2026-09-03 12:00:00,Sample Candidate 21,private21@example.com,token0021,Kitchener,Ward Councillor - Ward 6,No,,No,,No,"Sample answer. A real candidate's full written response appears here exactly as submitted.

Line breaks between paragraphs are kept.","Sample answer. A real candidate's full written response appears here exactly as submitted.

Line breaks between paragraphs are kept.",No,,Yes,,Yes,,Yes,,"Sample answer. A real candidate's full written response appears here exactly as submitted.

Line breaks between paragraphs are kept.",,,
sample0022,resp0022,2026-09-12 12:00:00,Sample Candidate 22,private22@example.com,token0022,Kitchener,Ward Councillor - Ward 6,No,"Sample answer. A real candidate's full written response appears here exactly as submitted.

Line breaks between paragraphs are kept.",Unsure,"Sample answer. A real candidate's full written response appears here exactly as submitted.

Line breaks between paragraphs are kept.",Yes,"Sample answer. A real candidate's full written response appears here exactly as submitted.

Line breaks between paragraphs are kept.","Sample answer. A real candidate's full written response appears here exactly as submitted.

Line breaks between paragraphs are kept.",Yes,"Sample answer. A real candidate's full written response appears here exactly as submitted.

Line breaks between paragraphs are kept.",No,"Sample answer. A real candidate's full written response appears here exactly as submitted.

Line breaks between paragraphs are kept.",Yes,"Sample answer. A real candidate's full written response appears here exactly as submitted.

Line breaks between paragraphs are kept.",Unsure,"Sample answer. A real candidate's full written response appears here exactly as submitted.

Line breaks between paragraphs are kept.","Sample answer. A real candidate's full written response appears here exactly as submitted.

Line breaks between paragraphs are kept.",,,
sample0023,resp0023,2026-09-13 12:00:00,Sample Candidate 23,private23@example.com,token0023,Kitchener,Ward Councillor - Ward 6,No,,Unsure,,Yes,,"Sample answer. A real candidate's full written response appears here exactly as submitted.

Line breaks between paragraphs are kept.",Unsure,"Sample answer. A real candidate's full written response appears here exactly as submitted.

Line breaks between paragraphs are kept.",Yes,,No,,Yes,"Sample answer. A real candidate's full written response appears here exactly as submitted.

Line breaks between paragraphs are kept.","Sample answer. A real candidate's full written response appears here exactly as submitted.

Line breaks between paragraphs are kept.",,,
sample0024,resp0024,2026-09-02 12:00:00,Sample Candidate 24,private24@example.com,token0024,Kitchener,Ward Councillor - Ward 7,Yes,,Yes,,Yes,"Sample answer. A real candidate's full written response appears here exactly as submitted.

Line breaks between paragraphs are kept.","Sample answer. A real candidate's full written response appears here exactly as submitted.

Line breaks between paragraphs are kept.",Unsure,,No,"Sample answer. A real candidate's full written response appears here exactly as submitted.

Line breaks between paragraphs are kept.",No,,No,,"Sample answer. A real candidate's full written response appears here exactly as submitted.

Line breaks between paragraphs are kept.",,,
sample0025,resp0025,2026-09-08 12:00:00,Sample Candidate 25,private25@example.com,token0025,Kitchener,Ward Councillor - Ward 7,Yes,"Sample answer. A real candidate's full written response appears here exactly as submitted.

Line breaks between paragraphs are kept.",Unsure,"Sample answer. A real candidate's full written response appears here exactly as submitted.

Line breaks between paragraphs are kept.",Unsure,"Sample answer. A real candidate's full written response appears here exactly as submitted.

Line breaks between paragraphs are kept.","Sample answer. A real candidate's full written response appears here exactly as submitted.

Line breaks between paragraphs are kept.",No,"Sample answer. A real candidate's full written response appears here exactly as submitted.

Line breaks between paragraphs are kept.",Yes,,No,"Sample answer. A real candidate's full written response appears here exactly as submitted.

Line breaks between paragraphs are kept.",No,,"Sample answer. A real candidate's full written response appears here exactly as submitted.

Line breaks between paragraphs are kept.",,,
sample0026,resp0026,2026-09-21 12:00:00,Sample Candidate 26,private26@example.com,token0026,Kitchener,Ward Councillor - Ward 7,Yes,"Sample answer. A real candidate's full written response appears here exactly as submitted.

Line breaks between paragraphs are kept.",Unsure,"Sample answer. A real candidate's full written response appears here exactly as submitted.

Line breaks between paragraphs are kept.",Unsure,"Sample answer. A real candidate's full written response appears here exactly as submitted.

Line breaks between paragraphs are kept.","Sample answer. A real candidate's full written response appears here exactly as submitted.

Line breaks between paragraphs are kept.",Unsure,"Sample answer. A real candidate's full written response appears here exactly as submitted.

Line breaks between paragraphs are kept.",No,,Yes,"Sample answer. A real candidate's full written response appears here exactly as submitted.

Line breaks between paragraphs are kept.",Yes,,"Sample answer. A real candidate's full written response appears here exactly as submitted.

Line breaks between paragraphs are kept.",,,
sample0027,resp0027,2026-09-22 12:00:00,Sample Candidate 27,private27@example.com,token0027,Kitchener,Ward Councillor - Ward 7,Yes,"Sample answer. A real candidate's full written response appears here exactly as submitted.

Line breaks between paragraphs are kept.",No,"Sample answer. A real candidate's full written response appears here exactly as submitted.

Line breaks between paragraphs are kept.",No,"Sample answer. A real candidate's full written response appears here exactly as submitted.

Line breaks between paragraphs are kept.","Sample answer. A real candidate's full written response appears here exactly as submitted.

Line breaks between paragraphs are kept.",No,,Yes,,No,"Sample answer. A real candidate's full written response appears here exactly as submitted.

Line breaks between paragraphs are kept.",Unsure,"Sample answer. A real candidate's full written response appears here exactly as submitted.

Line breaks between paragraphs are kept.","Sample answer. A real candidate's full written response appears here exactly as submitted.

Line breaks between paragraphs are kept.",,,
sample0028,resp0028,2026-09-19 12:00:00,Sample Candidate 28,private28@example.com,token0028,Kitchener,Ward Councillor - Ward 8,Yes,"Sample answer. A real candidate's full written response appears here exactly as submitted.

Line breaks between paragraphs are kept.",Yes,,Yes,"Sample answer. A real candidate's full written response appears here exactly as submitted.

Line breaks between paragraphs are kept.","Sample answer. A real candidate's full written response appears here exactly as submitted.

Line breaks between paragraphs are kept.",Unsure,"Sample answer. A real candidate's full written response appears here exactly as submitted.

Line breaks between paragraphs are kept.",Yes,"Sample answer. A real candidate's full written response appears here exactly as submitted.

Line breaks between paragraphs are kept.",Yes,,Unsure,"Sample answer. A real candidate's full written response appears here exactly as submitted.

Line breaks between paragraphs are kept.","Sample answer. A real candidate's full written response appears here exactly as submitted.

Line breaks between paragraphs are kept.",,,
sample0029,resp0029,2026-09-24 12:00:00,Sample Candidate 29,private29@example.com,token0029,Kitchener,Ward Councillor - Ward 8,,,,,,,,,,,,,,,,,,,
sample0030,resp0030,2026-09-01 12:00:00,Sample Candidate 30,private30@example.com,token0030,Kitchener,Ward Councillor - Ward 8,Unsure,"Sample answer. A real candidate's full written response appears here exactly as submitted.

Line breaks between paragraphs are kept.",Unsure,,No,,"Sample answer. A real candidate's full written response appears here exactly as submitted.

Line breaks between paragraphs are kept.",Unsure,"Sample answer. A real candidate's full written response appears here exactly as submitted.

Line breaks between paragraphs are kept.",Unsure,,Unsure,,Yes,"Sample answer. A real candidate's full written response appears here exactly as submitted.

Line breaks between paragraphs are kept.","Sample answer. A real candidate's full written response appears here exactly as submitted.

Line breaks between paragraphs are kept.",,,
sample0031,resp0031,2026-09-09 12:00:00,Sample Candidate 31,private31@example.com,token0031,Kitchener,Ward Councillor - Ward 8,Unsure,"Sample answer. A real candidate's full written response appears here exactly as submitted.

Line breaks between paragraphs are kept.",Yes,,No,,"Sample answer. A real candidate's full written response appears here exactly as submitted.

Line breaks between paragraphs are kept.",Yes,"Sample answer. A real candidate's full written response appears here exactly as submitted.

Line breaks between paragraphs are kept.",Yes,"Sample answer. A real candidate's full written response appears here exactly as submitted.

Line breaks between paragraphs are kept.",Unsure,,Unsure,"Sample answer. A real candidate's full written response appears here exactly as submitted.

Line breaks between paragraphs are kept.","Sample answer. A real candidate's full written response appears here exactly as submitted.

Line breaks between paragraphs are kept.",,,
sample0032,resp0032,2026-09-25 12:00:00,Sample Candidate 32,private32@example.com,token0032,Kitchener,Ward Councillor - Ward 9,Unsure,,Unsure,,No,"Sample answer. A real candidate's full written response appears here exactly as submitted.

Line breaks between paragraphs are kept.","Sample answer. A real candidate's full written response appears here exactly as submitted.

Line breaks between paragraphs are kept.",Yes,"Sample answer. A real candidate's full written response appears here exactly as submitted.

Line breaks between paragraphs are kept.",Unsure,"Sample answer. A real candidate's full written response appears here exactly as submitted.

Line breaks between paragraphs are kept.",Yes,"Sample answer. A real candidate's full written response appears here exactly as submitted.

Line breaks between paragraphs are kept.",Yes,,"Sample answer. A real candidate's full written response appears here exactly as submitted.

Line breaks between paragraphs are kept.",,,
sample0033,resp0033,2026-09-05 12:00:00,Sample Candidate 33,private33@example.com,token0033,Kitchener,Ward Councillor - Ward 9,Yes,,No,,Unsure,,"Sample answer. A real candidate's full written response appears here exactly as submitted.

Line breaks between paragraphs are kept.",No,"Sample answer. A real candidate's full written response appears here exactly as submitted.

Line breaks between paragraphs are kept.",No,,No,,Unsure,,"Sample answer. A real candidate's full written response appears here exactly as submitted.

Line breaks between paragraphs are kept.",,,
sample0034,resp0034,2026-09-15 12:00:00,Sample Candidate 34,private34@example.com,token0034,Kitchener,Ward Councillor - Ward 9,No,,Yes,"Sample answer. A real candidate's full written response appears here exactly as submitted.

Line breaks between paragraphs are kept.",No,,"Sample answer. A real candidate's full written response appears here exactly as submitted.

Line breaks between paragraphs are kept.",Yes,,Unsure,"Sample answer. A real candidate's full written response appears here exactly as submitted.

Line breaks between paragraphs are kept.",No,"Sample answer. A real candidate's full written response appears here exactly as submitted.

Line breaks between paragraphs are kept.",Unsure,"Sample answer. A real candidate's full written response appears here exactly as submitted.

Line breaks between paragraphs are kept.","Sample answer. A real candidate's full written response appears here exactly as submitted.

Line breaks between paragraphs are kept.",,,
sample0035,resp0035,2026-09-06 12:00:00,Sample Candidate 35,private35@example.com,token0035,Kitchener,Ward Councillor - Ward 10,,,,,,,,,,,,,,,,,,,
sample0036,resp0036,2026-09-15 12:00:00,Sample Candidate 36,private36@example.com,token0036,Kitchener,Ward Councillor - Ward 10,Unsure,"Sample answer. A real candidate's full written response appears here exactly as submitted.

Line breaks between paragraphs are kept.",No,,Unsure,,"Sample answer. A real candidate's full written response appears here exactly as submitted.

Line breaks between paragraphs are kept.",Unsure,"Sample answer. A real candidate's full written response appears here exactly as submitted.

Line breaks between paragraphs are kept.",Unsure,,No,,Yes,,"Sample answer. A real candidate's full written response appears here exactly as submitted.

Line breaks between paragraphs are kept.",,,
sample0037,resp0037,2026-09-15 12:00:00,Sample Candidate 37,private37@example.com,token0037,Kitchener,Ward Councillor - Ward 10,Unsure,"Sample answer. A real candidate's full written response appears here exactly as submitted.

Line breaks between paragraphs are kept.",Yes,,Yes,"Sample answer. A real candidate's full written response appears here exactly as submitted.

Line breaks between paragraphs are kept.","Sample answer. A real candidate's full written response appears here exactly as submitted.

Line breaks between paragraphs are kept.",No,"Sample answer. A real candidate's full written response appears here exactly as submitted.

Line breaks between paragraphs are kept.",Unsure,,Yes,"Sample answer. A real candidate's full written response appears here exactly as submitted.

Line breaks between paragraphs are kept.",No,"Sample answer. A real candidate's full written response appears here exactly as submitted.

Line breaks between paragraphs are kept.","Sample answer. A real candidate's full written response appears here exactly as submitted.

Line breaks between paragraphs are kept.",,,
sample0038,resp0038,2026-09-25 12:00:00,Sample Candidate 38,private38@example.com,token0038,Waterloo,Mayor,Unsure,"Sample answer. A real candidate's full written response appears here exactly as submitted.

Line breaks between paragraphs are kept.",Unsure,"Sample answer. A real candidate's full written response appears here exactly as submitted.

Line breaks between paragraphs are kept.",Unsure,,"Sample answer. A real candidate's full written response appears here exactly as submitted.

Line breaks between paragraphs are kept.",No,,No,"Sample answer. A real candidate's full written response appears here exactly as submitted.

Line breaks between paragraphs are kept.",Yes,,Unsure,,"Sample answer. A real candidate's full written response appears here exactly as submitted.

Line breaks between paragraphs are kept.",,,
sample0039,resp0039,2026-09-21 12:00:00,Sample Candidate 39,private39@example.com,token0039,Waterloo,Mayor,No,"Sample answer. A real candidate's full written response appears here exactly as submitted.

Line breaks between paragraphs are kept.",No,,Yes,"Sample answer. A real candidate's full written response appears here exactly as submitted.

Line breaks between paragraphs are kept.","Sample answer. A real candidate's full written response appears here exactly as submitted.

Line breaks between paragraphs are kept.",Unsure,"Sample answer. A real candidate's full written response appears here exactly as submitted.

Line breaks between paragraphs are kept.",No,,Yes,"Sample answer. A real candidate's full written response appears here exactly as submitted.

Line breaks between paragraphs are kept.",Unsure,,"Sample answer. A real candidate's full written response appears here exactly as submitted.

Line breaks between paragraphs are kept.",,,
sample0040,resp0040,2026-09-03 12:00:00,Sample Candidate 40,private40@example.com,token0040,Waterloo,Mayor,Yes,"Sample answer. A real candidate's full written response appears here exactly as submitted.

Line breaks between paragraphs are kept.",Yes,"Sample answer. A real candidate's full written response appears here exactly as submitted.

Line breaks between paragraphs are kept.",Yes,,"Sample answer. A real candidate's full written response appears here exactly as submitted.

Line breaks between paragraphs are kept.",No,,Unsure,,No,,No,"Sample answer. A real candidate's full written response appears here exactly as submitted.

Line breaks between paragraphs are kept.","Sample answer. A real candidate's full written response appears here exactly as submitted.

Line breaks between paragraphs are kept.",,,
sample0041,resp0041,2026-09-18 12:00:00,Sample Candidate 41,private41@example.com,token0041,Waterloo,Mayor,,,,,,,,,,,,,,,,,,,
sample0042,resp0042,2026-09-09 12:00:00,Sample Candidate 42,private42@example.com,token0042,Waterloo,Regional Councillor,Yes,,Unsure,"Sample answer. A real candidate's full written response appears here exactly as submitted.

Line breaks between paragraphs are kept.",Yes,"Sample answer. A real candidate's full written response appears here exactly as submitted.

Line breaks between paragraphs are kept.","Sample answer. A real candidate's full written response appears here exactly as submitted.

Line breaks between paragraphs are kept.",Unsure,"Sample answer. A real candidate's full written response appears here exactly as submitted.

Line breaks between paragraphs are kept.",No,,Unsure,,No,"Sample answer. A real candidate's full written response appears here exactly as submitted.

Line breaks between paragraphs are kept.","Sample answer. A real candidate's full written response appears here exactly as submitted.

Line breaks between paragraphs are kept.",,,
sample0043,resp0043,2026-09-02 12:00:00,Sample Candidate 43,private43@example.com,token0043,Waterloo,Regional Councillor,Yes,,No,,No,,"Sample answer. A real candidate's full written response appears here exactly as submitted.

Line breaks between paragraphs are kept.",Unsure,,Yes,"Sample answer. A real candidate's full written response appears here exactly as submitted.

Line breaks between paragraphs are kept.",No,"Sample answer. A real candidate's full written response appears here exactly as submitted.

Line breaks between paragraphs are kept.",Unsure,"Sample answer. A real candidate's full written response appears here exactly as submitted.

Line breaks between paragraphs are kept.","Sample answer. A real candidate's full written response appears here exactly as submitted.

Line breaks between paragraphs are kept.",,,
sample0044,resp0044,2026-09-18 12:00:00,Sample Candidate 44,private44@example.com,token0044,Waterloo,Ward Councillor - Ward 1,No,"Sample answer. A real candidate's full written response appears here exactly as submitted.

Line breaks between paragraphs are kept.",Unsure,,Unsure,"Sample answer. A real candidate's full written response appears here exactly as submitted.

Line breaks between paragraphs are kept.","Sample answer. A real candidate's full written response appears here exactly as submitted.

Line breaks between paragraphs are kept.",No,,No,,Yes,"Sample answer. A real candidate's full written response appears here exactly as submitted.

Line breaks between paragraphs are kept.",Yes,"Sample answer. A real candidate's full written response appears here exactly as submitted.

Line breaks between paragraphs are kept.","Sample answer. A real candidate's full written response appears here exactly as submitted.

Line breaks between paragraphs are kept.",,,
sample0045,resp0045,2026-09-17 12:00:00,Sample Candidate 45,private45@example.com,token0045,Waterloo,Ward Councillor - Ward 1,No,"Sample answer. A real candidate's full written response appears here exactly as submitted.

Line breaks between paragraphs are kept.",Unsure,"Sample answer. A real candidate's full written response appears here exactly as submitted.

Line breaks between paragraphs are kept.",Yes,,"Sample answer. A real candidate's full written response appears here exactly as submitted.

Line breaks between paragraphs are kept.",Unsure,"Sample answer. A real candidate's full written response appears here exactly as submitted.

Line breaks between paragraphs are kept.",Yes,"Sample answer. A real candidate's full written response appears here exactly as submitted.

Line breaks between paragraphs are kept.",No,"Sample answer. A real candidate's full written response appears here exactly as submitted.

Line breaks between paragraphs are kept.",Unsure,,"Sample answer. A real candidate's full written response appears here exactly as submitted.

Line breaks between paragraphs are kept.",,,
sample0046,resp0046,2026-09-11 12:00:00,Sample Candidate 46,private46@example.com,token0046,Waterloo,Ward Councillor - Ward 1,Unsure,,Unsure,"Sample answer. A real candidate's full written response appears here exactly as submitted.

Line breaks between paragraphs are kept.",Yes,,"Sample answer. A real candidate's full written response appears here exactly as submitted.

Line breaks between paragraphs are kept.",Yes,"Sample answer. A real candidate's full written response appears here exactly as submitted.

Line breaks between paragraphs are kept.",Yes,"Sample answer. A real candidate's full written response appears here exactly as submitted.

Line breaks between paragraphs are kept.",Unsure,"Sample answer. A real candidate's full written response appears here exactly as submitted.

Line breaks between paragraphs are kept.",Unsure,"Sample answer. A real candidate's full written response appears here exactly as submitted.

Line breaks between paragraphs are kept.","Sample answer. A real candidate's full written response appears here exactly as submitted.

Line breaks between paragraphs are kept.",,,
sample0047,resp0047,2026-09-10 12:00:00,Sample Candidate 47,private47@example.com,token0047,Waterloo,Ward Councillor - Ward 1,Yes,,Unsure,"Sample answer. A real candidate's full written response appears here exactly as submitted.

Line breaks between paragraphs are kept.",Yes,,"Sample answer. A real candidate's full written response appears here exactly as submitted.

Line breaks between paragraphs are kept.",Yes,"Sample answer. A real candidate's full written response appears here exactly as submitted.

Line breaks between paragraphs are kept.",Unsure,,Unsure,"Sample answer. A real candidate's full written response appears here exactly as submitted.

Line breaks between paragraphs are kept.",Unsure,"Sample answer. A real candidate's full written response appears here exactly as submitted.

Line breaks between paragraphs are kept.","Sample answer. A real candidate's full written response appears here exactly as submitted.

Line breaks between paragraphs are kept.",,,
sample0048,resp0048,2026-09-12 12:00:00,Sample Candidate 48,private48@example.com,token0048,Waterloo,Ward Councillor - Ward 2,Yes,,Unsure,,No,,"Sample answer. A real candidate's full written response appears here exactly as submitted.

Line breaks between paragraphs are kept.",No,,Yes,,Unsure,"Sample answer. A real candidate's full written response appears here exactly as submitted.

Line breaks between paragraphs are kept.",No,,,,,
sample0049,resp0049,2026-09-17 12:00:00,Sample Candidate 49,private49@example.com,token0049,Waterloo,Ward Councillor - Ward 2,,,,,,,,,,,,,,,,,,,
sample0050,resp0050,2026-09-03 12:00:00,Sample Candidate 50,private50@example.com,token0050,Waterloo,Ward Councillor - Ward 2,No,,Yes,,Unsure,"Sample answer. A real candidate's full written response appears here exactly as submitted.

Line breaks between paragraphs are kept.","Sample answer. A real candidate's full written response appears here exactly as submitted.

Line breaks between paragraphs are kept.",Yes,"Sample answer. A real candidate's full written response appears here exactly as submitted.

Line breaks between paragraphs are kept.",No,"Sample answer. A real candidate's full written response appears here exactly as submitted.

Line breaks between paragraphs are kept.",No,"Sample answer. A real candidate's full written response appears here exactly as submitted.

Line breaks between paragraphs are kept.",Unsure,,"Sample answer. A real candidate's full written response appears here exactly as submitted.

Line breaks between paragraphs are kept.",,,
sample0051,resp0051,2026-09-24 12:00:00,Sample Candidate 51,private51@example.com,token0051,Waterloo,Ward Councillor - Ward 2,Unsure,"Sample answer. A real candidate's full written response appears here exactly as submitted.

Line breaks between paragraphs are kept.",Yes,"Sample answer. A real candidate's full written response appears here exactly as submitted.

Line breaks between paragraphs are kept.",Yes,"Sample answer. A real candidate's full written response appears here exactly as submitted.

Line breaks between paragraphs are kept.","Sample answer. A real candidate's full written response appears here exactly as submitted.

Line breaks between paragraphs are kept.",Yes,,Unsure,"Sample answer. A real candidate's full written response appears here exactly as submitted.

Line breaks between paragraphs are kept.",Yes,,Yes,"Sample answer. A real candidate's full written response appears here exactly as submitted.

Line breaks between paragraphs are kept.","Sample answer. A real candidate's full written response appears here exactly as submitted.

Line breaks between paragraphs are kept.",,,
sample0052,resp0052,2026-09-01 12:00:00,Sample Candidate 52,private52@example.com,token0052,Waterloo,Ward Councillor - Ward 3,Yes,"Sample answer. A real candidate's full written response appears here exactly as submitted.

Line breaks between paragraphs are kept.",Unsure,"Sample answer. A real candidate's full written response appears here exactly as submitted.

Line breaks between paragraphs are kept.",No,"Sample answer. A real candidate's full written response appears here exactly as submitted.

Line breaks between paragraphs are kept.","Sample answer. A real candidate's full written response appears here exactly as submitted.

Line breaks between paragraphs are kept.",No,"Sample answer. A real candidate's full written response appears here exactly as submitted.

Line breaks between paragraphs are kept.",No,"Sample answer. A real candidate's full written response appears here exactly as submitted.

Line breaks between paragraphs are kept.",No,"Sample answer. A real candidate's full written response appears here exactly as submitted.

Line breaks between paragraphs are kept.",Yes,"Sample answer. A real candidate's full written response appears here exactly as submitted.

Line breaks between paragraphs are kept.","Sample answer. A real candidate's full written response appears here exactly as submitted.

Line breaks between paragraphs are kept.",,,
sample0053,resp0053,2026-09-12 12:00:00,Sample Candidate 53,private53@example.com,token0053,Waterloo,Ward Councillor - Ward 3,Unsure,"Sample answer. A real candidate's full written response appears here exactly as submitted.

Line breaks between paragraphs are kept.",Yes,"Sample answer. A real candidate's full written response appears here exactly as submitted.

Line breaks between paragraphs are kept.",Unsure,"Sample answer. A real candidate's full written response appears here exactly as submitted.

Line breaks between paragraphs are kept.","Sample answer. A real candidate's full written response appears here exactly as submitted.

Line breaks between paragraphs are kept.",Unsure,,No,,Unsure,"Sample answer. A real candidate's full written response appears here exactly as submitted.

Line breaks between paragraphs are kept.",Yes,"Sample answer. A real candidate's full written response appears here exactly as submitted.

Line breaks between paragraphs are kept.","Sample answer. A real candidate's full written response appears here exactly as submitted.

Line breaks between paragraphs are kept.",,,
sample0054,resp0054,2026-09-03 12:00:00,Sample Candidate 54,private54@example.com,token0054,Waterloo,Ward Councillor - Ward 3,Yes,"Sample answer. A real candidate's full written response appears here exactly as submitted.

Line breaks between paragraphs are kept.",No,"Sample answer. A real candidate's full written response appears here exactly as submitted.

Line breaks between paragraphs are kept.",No,"Sample answer. A real candidate's full written response appears here exactly as submitted.

Line breaks between paragraphs are kept.","Sample answer. A real candidate's full written response appears here exactly as submitted.

Line breaks between paragraphs are kept.",No,"Sample answer. A real candidate's full written response appears here exactly as submitted.

Line breaks between paragraphs are kept.",Unsure,,No,,Yes,,"Sample answer. A real candidate's full written response appears here exactly as submitted.

Line breaks between paragraphs are kept.",,,
sample0055,resp0055,2026-09-01 12:00:00,Sample Candidate 55,private55@example.com,token0055,Waterloo,Ward Councillor - Ward 4,Unsure,"Sample answer. A real candidate's full written response appears here exactly as submitted.

Line breaks between paragraphs are kept.",Unsure,"Sample answer. A real candidate's full written response appears here exactly as submitted.

Line breaks between paragraphs are kept.",Unsure,"Sample answer. A real candidate's full written response appears here exactly as submitted.

Line breaks between paragraphs are kept.","Sample answer. A real candidate's full written response appears here exactly as submitted.

Line breaks between paragraphs are kept.",Unsure,,No,,Unsure,"Sample answer. A real candidate's full written response appears here exactly as submitted.

Line breaks between paragraphs are kept.",Unsure,,"Sample answer. A real candidate's full written response appears here exactly as submitted.

Line breaks between paragraphs are kept.",,,
sample0056,resp0056,2026-09-11 12:00:00,Sample Candidate 56,private56@example.com,token0056,Waterloo,Ward Councillor - Ward 4,No,,Yes,,Yes,"Sample answer. A real candidate's full written response appears here exactly as submitted.

Line breaks between paragraphs are kept.","Sample answer. A real candidate's full written response appears here exactly as submitted.

Line breaks between paragraphs are kept.",No,"Sample answer. A real candidate's full written response appears here exactly as submitted.

Line breaks between paragraphs are kept.",No,"Sample answer. A real candidate's full written response appears here exactly as submitted.

Line breaks between paragraphs are kept.",No,"Sample answer. A real candidate's full written response appears here exactly as submitted.

Line breaks between paragraphs are kept.",Unsure,,"Sample answer. A real candidate's full written response appears here exactly as submitted.

Line breaks between paragraphs are kept.",,,
sample0057,resp0057,2026-09-08 12:00:00,Sample Candidate 57,private57@example.com,token0057,Waterloo,Ward Councillor - Ward 4,No,,No,"Sample answer. A real candidate's full written response appears here exactly as submitted.

Line breaks between paragraphs are kept.",Unsure,,"Sample answer. A real candidate's full written response appears here exactly as submitted.

Line breaks between paragraphs are kept.",Unsure,,Unsure,,No,"Sample answer. A real candidate's full written response appears here exactly as submitted.

Line breaks between paragraphs are kept.",Unsure,,"Sample answer. A real candidate's full written response appears here exactly as submitted.

Line breaks between paragraphs are kept.",,,
sample0058,resp0058,2026-09-04 12:00:00,Sample Candidate 58,private58@example.com,token0058,Waterloo,Ward Councillor - Ward 5,No,,Yes,,Yes,,"Sample answer. A real candidate's full written response appears here exactly as submitted.

Line breaks between paragraphs are kept.",Unsure,,No,,Yes,"Sample answer. A real candidate's full written response appears here exactly as submitted.

Line breaks between paragraphs are kept.",Yes,,"Sample answer. A real candidate's full written response appears here exactly as submitted.

Line breaks between paragraphs are kept.",,,
sample0059,resp0059,2026-09-23 12:00:00,Sample Candidate 59,private59@example.com,token0059,Waterloo,Ward Councillor - Ward 5,No,"Sample answer. A real candidate's full written response appears here exactly as submitted.

Line breaks between paragraphs are kept.",Yes,,Unsure,,"Sample answer. A real candidate's full written response appears here exactly as submitted.

Line breaks between paragraphs are kept.",Unsure,"Sample answer. A real candidate's full written response appears here exactly as submitted.

Line breaks between paragraphs are kept.",Yes,"Sample answer. A real candidate's full written response appears here exactly as submitted.

Line breaks between paragraphs are kept.",No,,Yes,,,,,
sample0060,resp0060,2026-09-07 12:00:00,Sample Candidate 60,private60@example.com,token0060,Waterloo,Ward Councillor - Ward 5,,,,,,,,,,,,,,,,,,,
sample0061,resp0061,2026-09-21 12:00:00,Sample Candidate 61,private61@example.com,token0061,Waterloo,Ward Councillor - Ward 6,,,,,,,,,,,,,,,,,,,
sample0062,resp0062,2026-09-09 12:00:00,Sample Candidate 62,private62@example.com,token0062,Waterloo,Ward Councillor - Ward 6,,,,,,,,,,,,,,,,,,,
sample0063,resp0063,2026-09-23 12:00:00,Sample Candidate 63,private63@example.com,token0063,Waterloo,Ward Councillor - Ward 6,Yes,"Sample answer. A real candidate's full written response appears here exactly as submitted.

Line breaks between paragraphs are kept.",Unsure,"Sample answer. A real candidate's full written response appears here exactly as submitted.

Line breaks between paragraphs are kept.",Yes,,,No,,No,,Yes,,No,,,,,
sample0064,resp0064,2026-09-22 12:00:00,Sample Candidate 64,private64@example.com,token0064,Waterloo,Ward Councillor - Ward 6,Yes,,Unsure,,No,,"Sample answer. A real candidate's full written response appears here exactly as submitted.

Line breaks between paragraphs are kept.",Unsure,,Yes,,Yes,"Sample answer. A real candidate's full written response appears here exactly as submitted.

Line breaks between paragraphs are kept.",Yes,"Sample answer. A real candidate's full written response appears here exactly as submitted.

Line breaks between paragraphs are kept.","Sample answer. A real candidate's full written response appears here exactly as submitted.

Line breaks between paragraphs are kept.",,,
sample0065,resp0065,2026-09-25 12:00:00,Sample Candidate 65,private65@example.com,token0065,Waterloo,Ward Councillor - Ward 7,No,"Sample answer. A real candidate's full written response appears here exactly as submitted.

Line breaks between paragraphs are kept.",Yes,"Sample answer. A real candidate's full written response appears here exactly as submitted.

Line breaks between paragraphs are kept.",No,,"Sample answer. A real candidate's full written response appears here exactly as submitted.

Line breaks between paragraphs are kept.",Yes,,No,,Unsure,,No,"Sample answer. A real candidate's full written response appears here exactly as submitted.

Line breaks between paragraphs are kept.","Sample answer. A real candidate's full written response appears here exactly as submitted.

Line breaks between paragraphs are kept.",,,
sample0066,resp0066,2026-09-12 12:00:00,Sample Candidate 66,private66@example.com,token0066,Waterloo,Ward Councillor - Ward 7,,,,,,,,,,,,,,,,,,,
sample0067,resp0067,2026-09-22 12:00:00,Sample Candidate 67,private67@example.com,token0067,Waterloo,Ward Councillor - Ward 7,Unsure,,Yes,,Yes,"Sample answer. A real candidate's full written response appears here exactly as submitted.

Line breaks between paragraphs are kept.","Sample answer. A real candidate's full written response appears here exactly as submitted.

Line breaks between paragraphs are kept.",Unsure,"Sample answer. A real candidate's full written response appears here exactly as submitted.

Line breaks between paragraphs are kept.",Unsure,,Unsure,"Sample answer. A real candidate's full written response appears here exactly as submitted.

Line breaks between paragraphs are kept.",Yes,,"Sample answer. A real candidate's full written response appears here exactly as submitted.

Line breaks between paragraphs are kept.",,,
sample0068,resp0068,2026-09-23 12:00:00,Sample Candidate 68,private68@example.com,token0068,Waterloo,Ward Councillor - Ward 7,Yes,,No,"Sample answer. A real candidate's full written response appears here exactly as submitted.

Line breaks between paragraphs are kept.",Yes,"Sample answer. A real candidate's full written response appears here exactly as submitted.

Line breaks between paragraphs are kept.","Sample answer. A real candidate's full written response appears here exactly as submitted.

Line breaks between paragraphs are kept.",Unsure,,Yes,,Unsure,"Sample answer. A real candidate's full written response appears here exactly as submitted.

Line breaks between paragraphs are kept.",Yes,,"Sample answer. A real candidate's full written response appears here exactly as submitted.

Line breaks between paragraphs are kept.",,,
sample0069,resp0069,2026-09-20 12:00:00,Sample Candidate 69,private69@example.com,token0069,Cambridge,Mayor,Yes,,Unsure,,Unsure,,"Sample answer. A real candidate's full written response appears here exactly as submitted.

Line breaks between paragraphs are kept.",No,,Yes,"Sample answer. A real candidate's full written response appears here exactly as submitted.

Line breaks between paragraphs are kept.",No,,No,"Sample answer. A real candidate's full written response appears here exactly as submitted.

Line breaks between paragraphs are kept.","Sample answer. A real candidate's full written response appears here exactly as submitted.

Line breaks between paragraphs are kept.",No,No,"Sample answer. A real candidate's full written response appears here exactly as submitted.

Line breaks between paragraphs are kept."
sample0070,resp0070,2026-09-14 12:00:00,Sample Candidate 70,private70@example.com,token0070,Cambridge,Mayor,No,"Sample answer. A real candidate's full written response appears here exactly as submitted.

Line breaks between paragraphs are kept.",Yes,"Sample answer. A real candidate's full written response appears here exactly as submitted.

Line breaks between paragraphs are kept.",Yes,,"Sample answer. A real candidate's full written response appears here exactly as submitted.

Line breaks between paragraphs are kept.",No,"Sample answer. A real candidate's full written response appears here exactly as submitted.

Line breaks between paragraphs are kept.",No,,Unsure,"Sample answer. A real candidate's full written response appears here exactly as submitted.

Line breaks between paragraphs are kept.",Yes,"Sample answer. A real candidate's full written response appears here exactly as submitted.

Line breaks between paragraphs are kept.","Sample answer. A real candidate's full written response appears here exactly as submitted.

Line breaks between paragraphs are kept.",Yes,Unsure,
sample0071,resp0071,2026-09-18 12:00:00,Sample Candidate 71,private71@example.com,token0071,Cambridge,Mayor,Unsure,"Sample answer. A real candidate's full written response appears here exactly as submitted.

Line breaks between paragraphs are kept.",Unsure,"Sample answer. A real candidate's full written response appears here exactly as submitted.

Line breaks between paragraphs are kept.",No,"Sample answer. A real candidate's full written response appears here exactly as submitted.

Line breaks between paragraphs are kept.","Sample answer. A real candidate's full written response appears here exactly as submitted.

Line breaks between paragraphs are kept.",No,,Unsure,,Unsure,"Sample answer. A real candidate's full written response appears here exactly as submitted.

Line breaks between paragraphs are kept.",Yes,,"Sample answer. A real candidate's full written response appears here exactly as submitted.

Line breaks between paragraphs are kept.",Unsure,Unsure,
sample0072,resp0072,2026-09-21 12:00:00,Sample Candidate 72,private72@example.com,token0072,Cambridge,Regional Councillor,Yes,"Sample answer. A real candidate's full written response appears here exactly as submitted.

Line breaks between paragraphs are kept.",Unsure,,Unsure,"Sample answer. A real candidate's full written response appears here exactly as submitted.

Line breaks between paragraphs are kept.","Sample answer. A real candidate's full written response appears here exactly as submitted.

Line breaks between paragraphs are kept.",No,,Unsure,"Sample answer. A real candidate's full written response appears here exactly as submitted.

Line breaks between paragraphs are kept.",Unsure,"Sample answer. A real candidate's full written response appears here exactly as submitted.

Line breaks between paragraphs are kept.",Unsure,,"Sample answer. A real candidate's full written response appears here exactly as submitted.

Line breaks between paragraphs are kept.",Unsure,Unsure,
sample0073,resp0073,2026-09-12 12:00:00,Sample Candidate 73,private73@example.com,token0073,Cambridge,Regional Councillor,Unsure,,No,"Sample answer. A real candidate's full written response appears here exactly as submitted.

Line breaks between paragraphs are kept.",No,"Sample answer. A real candidate's full written response appears here exactly as submitted.

Line breaks between paragraphs are kept.","Sample answer. A real candidate's full written response appears here exactly as submitted.

Line breaks between paragraphs are kept.",Yes,"Sample answer. A real candidate's full written response appears here exactly as submitted.

Line breaks between paragraphs are kept.",No,,Unsure,"Sample answer. A real candidate's full written response appears here exactly as submitted.

Line breaks between paragraphs are kept.",Yes,,"Sample answer. A real candidate's full written response appears here exactly as submitted.

Line breaks between paragraphs are kept.",No,Unsure,
sample0074,resp0074,2026-09-06 12:00:00,Sample Candidate 74,private74@example.com,token0074,Cambridge,Regional Councillor,Yes,,Unsure,,Yes,,"Sample answer. A real candidate's full written response appears here exactly as submitted.

Line breaks between paragraphs are kept.",No,"Sample answer. A real candidate's full written response appears here exactly as submitted.

Line breaks between paragraphs are kept.",Unsure,"Sample answer. A real candidate's full written response appears here exactly as submitted.

Line breaks between paragraphs are kept.",Unsure,,Yes,,"Sample answer. A real candidate's full written response appears here exactly as submitted.

Line breaks between paragraphs are kept.",Yes,Yes,"Sample answer. A real candidate's full written response appears here exactly as submitted.

Line breaks between paragraphs are kept."
sample0075,resp0075,2026-09-05 12:00:00,Sample Candidate 75,private75@example.com,token0075,Cambridge,Ward Councillor - Ward 1,No,,Yes,"Sample answer. A real candidate's full written response appears here exactly as submitted.

Line breaks between paragraphs are kept.",Yes,"Sample answer. A real candidate's full written response appears here exactly as submitted.

Line breaks between paragraphs are kept.","Sample answer. A real candidate's full written response appears here exactly as submitted.

Line breaks between paragraphs are kept.",No,,Yes,,No,,No,,"Sample answer. A real candidate's full written response appears here exactly as submitted.

Line breaks between paragraphs are kept.",Yes,Unsure,"Sample answer. A real candidate's full written response appears here exactly as submitted.

Line breaks between paragraphs are kept."
sample0076,resp0076,2026-09-14 12:00:00,Sample Candidate 76,private76@example.com,token0076,Cambridge,Ward Councillor - Ward 1,Yes,,Unsure,,Yes,,,No,,Yes,"Sample answer. A real candidate's full written response appears here exactly as submitted.

Line breaks between paragraphs are kept.",No,,Unsure,,"Sample answer. A real candidate's full written response appears here exactly as submitted.

Line breaks between paragraphs are kept.",Unsure,Yes,
sample0077,resp0077,2026-09-12 12:00:00,Sample Candidate 77,private77@example.com,token0077,Cambridge,Ward Councillor - Ward 1,Yes,"Sample answer. A real candidate's full written response appears here exactly as submitted.

Line breaks between paragraphs are kept.",Unsure,"Sample answer. A real candidate's full written response appears here exactly as submitted.

Line breaks between paragraphs are kept.",No,,"Sample answer. A real candidate's full written response appears here exactly as submitted.

Line breaks between paragraphs are kept.",Yes,"Sample answer. A real candidate's full written response appears here exactly as submitted.

Line breaks between paragraphs are kept.",No,"Sample answer. A real candidate's full written response appears here exactly as submitted.

Line breaks between paragraphs are kept.",Yes,,Unsure,,"Sample answer. A real candidate's full written response appears here exactly as submitted.

Line breaks between paragraphs are kept.",No,No,
sample0078,resp0078,2026-09-20 12:00:00,Sample Candidate 78,private78@example.com,token0078,Cambridge,Ward Councillor - Ward 1,No,,Unsure,"Sample answer. A real candidate's full written response appears here exactly as submitted.

Line breaks between paragraphs are kept.",Unsure,,,Unsure,,No,,Unsure,"Sample answer. A real candidate's full written response appears here exactly as submitted.

Line breaks between paragraphs are kept.",No,,"Sample answer. A real candidate's full written response appears here exactly as submitted.

Line breaks between paragraphs are kept.",Unsure,Unsure,
sample0079,resp0079,2026-09-17 12:00:00,Sample Candidate 79,private79@example.com,token0079,Cambridge,Ward Councillor - Ward 2,No,,Unsure,,Yes,"Sample answer. A real candidate's full written response appears here exactly as submitted.

Line breaks between paragraphs are kept.","Sample answer. A real candidate's full written response appears here exactly as submitted.

Line breaks between paragraphs are kept.",No,"Sample answer. A real candidate's full written response appears here exactly as submitted.

Line breaks between paragraphs are kept.",Unsure,,No,,No,"Sample answer. A real candidate's full written response appears here exactly as submitted.

Line breaks between paragraphs are kept.","Sample answer. A real candidate's full written response appears here exactly as submitted.

Line breaks between paragraphs are kept.",Unsure,Yes,"Sample answer. A real candidate's full written response appears here exactly as submitted.

Line breaks between paragraphs are kept."
sample0080,resp0080,2026-09-14 12:00:00,Sample Candidate 80,private80@example.com,token0080,Cambridge,Ward Councillor - Ward 2,No,"Sample answer. A real candidate's full written response appears here exactly as submitted.

Line breaks between paragraphs are kept.",Unsure,,Yes,"Sample answer. A real candidate's full written response appears here exactly as submitted.

Line breaks between paragraphs are kept.","Sample answer. A real candidate's full written response appears here exactly as submitted.

Line breaks between paragraphs are kept.",No,"Sample answer. A real candidate's full written response appears here exactly as submitted.

Line breaks between paragraphs are kept.",No,,No,,Unsure,,"Sample answer. A real candidate's full written response appears here exactly as submitted.

Line breaks between paragraphs are kept.",Unsure,Unsure,"Sample answer. A real candidate's full written response appears here exactly as submitted.

Line breaks between paragraphs are kept."
sample0081,resp0081,2026-09-04 12:00:00,Sample Candidate 81,private81@example.com,token0081,Cambridge,Ward Councillor - Ward 2,No,,No,"Sample answer. A real candidate's full written response appears here exactly as submitted.

Line breaks between paragraphs are kept.",Unsure,,"Sample answer. A real candidate's full written response appears here exactly as submitted.

Line breaks between paragraphs are kept.",Yes,,Yes,,No,"Sample answer. A real candidate's full written response appears here exactly as submitted.

Line breaks between paragraphs are kept.",Unsure,"Sample answer. A real candidate's full written response appears here exactly as submitted.

Line breaks between paragraphs are kept.","Sample answer. A real candidate's full written response appears here exactly as submitted.

Line breaks between paragraphs are kept.",Unsure,Unsure,"Sample answer. A real candidate's full written response appears here exactly as submitted.

Line breaks between paragraphs are kept."
sample0082,resp0082,2026-09-02 12:00:00,Sample Candidate 82,private82@example.com,token0082,Cambridge,Ward Councillor - Ward 3,Yes,"Sample answer. A real candidate's full written response appears here exactly as submitted.

Line breaks between paragraphs are kept.",Yes,,Yes,"Sample answer. A real candidate's full written response appears here exactly as submitted.

Line breaks between paragraphs are kept.","Sample answer. A real candidate's full written response appears here exactly as submitted.

Line breaks between paragraphs are kept.",Yes,"Sample answer. A real candidate's full written response appears here exactly as submitted.

Line breaks between paragraphs are kept.",Unsure,"Sample answer. A real candidate's full written response appears here exactly as submitted.

Line breaks between paragraphs are kept.",Yes,,Unsure,"Sample answer. A real candidate's full written response appears here exactly as submitted.

Line breaks between paragraphs are kept.","Sample answer. A real candidate's full written response appears here exactly as submitted.

Line breaks between paragraphs are kept.",No,No,"Sample answer. A real candidate's full written response appears here exactly as submitted.

Line breaks between paragraphs are kept."
sample0083,resp0083,2026-09-18 12:00:00,Sample Candidate 83,private83@example.com,token0083,Cambridge,Ward Councillor - Ward 3,No,,Yes,,Yes,,"Sample answer. A real candidate's full written response appears here exactly as submitted.

Line breaks between paragraphs are kept.",Unsure,,No,"Sample answer. A real candidate's full written response appears here exactly as submitted.

Line breaks between paragraphs are kept.",Yes,,Unsure,,"Sample answer. A real candidate's full written response appears here exactly as submitted.

Line breaks between paragraphs are kept.",Unsure,Unsure,
sample0084,resp0084,2026-09-01 12:00:00,Sample Candidate 84,private84@example.com,token0084,Cambridge,Ward Councillor - Ward 3,Yes,"Sample answer. A real candidate's full written response appears here exactly as submitted.

Line breaks between paragraphs are kept.",No,,Unsure,,"Sample answer. A real candidate's full written response appears here exactly as submitted.

Line breaks between paragraphs are kept.",Yes,,Unsure,,Yes,,No,,"Sample answer. A real candidate's full written response appears here exactly as submitted.

Line breaks between paragraphs are kept.",Yes,Yes,
sample0085,resp0085,2026-09-22 12:00:00,Sample Candidate 85,private85@example.com,token0085,Cambridge,Ward Councillor - Ward 3,,,,,,,,,,,,,,,,,,,
sample0086,resp0086,2026-09-08 12:00:00,Sample Candidate 86,private86@example.com,token0086,Cambridge,Ward Councillor - Ward 4,,,,,,,,,,,,,,,,,,,
sample0087,resp0087,2026-09-09 12:00:00,Sample Candidate 87,private87@example.com,token0087,Cambridge,Ward Councillor - Ward 4,,,,,,,,,,,,,,,,,,,
sample0088,resp0088,2026-09-18 12:00:00,Sample Candidate 88,private88@example.com,token0088,Cambridge,Ward Councillor - Ward 4,Unsure,,Yes,,No,"Sample answer. A real candidate's full written response appears here exactly as submitted.

Line breaks between paragraphs are kept.","Sample answer. A real candidate's full written response appears here exactly as submitted.

Line breaks between paragraphs are kept.",Yes,,Unsure,,Yes,,Unsure,"Sample answer. A real candidate's full written response appears here exactly as submitted.

Line breaks between paragraphs are kept.","Sample answer. A real candidate's full written response appears here exactly as submitted.

Line breaks between paragraphs are kept.",Yes,Yes,"Sample answer. A real candidate's full written response appears here exactly as submitted.

Line breaks between paragraphs are kept."
sample0089,resp0089,2026-09-16 12:00:00,Sample Candidate 89,private89@example.com,token0089,Cambridge,Ward Councillor - Ward 4,,,,,,,,,,,,,,,,,,,
sample0090,resp0090,2026-09-20 12:00:00,Sample Candidate 90,private90@example.com,token0090,Cambridge,Ward Councillor - Ward 5,,,,,,,,,,,,,,,,,,,
sample0091,resp0091,2026-09-10 12:00:00,Sample Candidate 91,private91@example.com,token0091,Cambridge,Ward Councillor - Ward 5,Unsure,,Unsure,,Yes,"Sample answer. A real candidate's full written response appears here exactly as submitted.

Line breaks between paragraphs are kept.","Sample answer. A real candidate's full written response appears here exactly as submitted.

Line breaks between paragraphs are kept.",Yes,"Sample answer. A real candidate's full written response appears here exactly as submitted.

Line breaks between paragraphs are kept.",Yes,,No,"Sample answer. A real candidate's full written response appears here exactly as submitted.

Line breaks between paragraphs are kept.",Unsure,,"Sample answer. A real candidate's full written response appears here exactly as submitted.

Line breaks between paragraphs are kept.",No,Unsure,"Sample answer. A real candidate's full written response appears here exactly as submitted.

Line breaks between paragraphs are kept."
sample0092,resp0092,2026-09-03 12:00:00,Sample Candidate 92,private92@example.com,token0092,Cambridge,Ward Councillor - Ward 5,No,,Unsure,"Sample answer. A real candidate's full written response appears here exactly as submitted.

Line breaks between paragraphs are kept.",Yes,"Sample answer. A real candidate's full written response appears here exactly as submitted.

Line breaks between paragraphs are kept.","Sample answer. A real candidate's full written response appears here exactly as submitted.

Line breaks between paragraphs are kept.",No,,Yes,"Sample answer. A real candidate's full written response appears here exactly as submitted.

Line breaks between paragraphs are kept.",Unsure,,No,,"Sample answer. A real candidate's full written response appears here exactly as submitted.

Line breaks between paragraphs are kept.",No,Yes,
sample0093,resp0093,2026-09-17 12:00:00,Sample Candidate 93,private93@example.com,token0093,Cambridge,Ward Councillor - Ward 5,Unsure,,Unsure,"Sample answer. A real candidate's full written response appears here exactly as submitted.

Line breaks between paragraphs are kept.",Yes,,"Sample answer. A real candidate's full written response appears here exactly as submitted.

Line breaks between paragraphs are kept.",Unsure,,Unsure,,No,,Unsure,,"Sample answer. A real candidate's full written response appears here exactly as submitted.

Line breaks between paragraphs are kept.",Unsure,No,"Sample answer. A real candidate's full written response appears here exactly as submitted.

Line breaks between paragraphs are kept."
sample0094,resp0094,2026-09-12 12:00:00,Sample Candidate 94,private94@example.com,token0094,Cambridge,Ward Councillor - Ward 6,Unsure,"Sample answer. A real candidate's full written response appears here exactly as submitted.

Line breaks between paragraphs are kept.",Yes,"Sample answer. A real candidate's full written response appears here exactly as submitted.

Line breaks between paragraphs are kept.",Yes,,"Sample answer. A real candidate's full written response appears here exactly as submitted.

Line breaks between paragraphs are kept.",Yes,"Sample answer. A real candidate's full written response appears here exactly as submitted.

Line breaks between paragraphs are kept.",Yes,,Unsure,,Yes,"Sample answer. A real candidate's full written response appears here exactly as submitted.

Line breaks between paragraphs are kept.","Sample answer. A real candidate's full written response appears here exactly as submitted.

Line breaks between paragraphs are kept.",No,Yes,
sample0095,resp0095,2026-09-08 12:00:00,Sample Candidate 95,private95@example.com,token0095,Cambridge,Ward Councillor - Ward 6,Unsure,,Yes,,Unsure,,,Unsure,,Yes,,Unsure,,Yes,"Sample answer. A real candidate's full written response appears here exactly as submitted.

Line breaks between paragraphs are kept.","Sample answer. A real candidate's full written response appears here exactly as submitted.

Line breaks between paragraphs are kept.",No,No,
sample0096,resp0096,2026-09-14 12:00:00,Sample Candidate 96,private96@example.com,token0096,Cambridge,Ward Councillor - Ward 6,Yes,,No,"Sample answer. A real candidate's full written response appears here exactly as submitted.

Line breaks between paragraphs are kept.",Yes,"Sample answer. A real candidate's full written response appears here exactly as submitted.

Line breaks between paragraphs are kept.","Sample answer. A real candidate's full written response appears here exactly as submitted.

Line breaks between paragraphs are kept.",Unsure,"Sample answer. A real candidate's full written response appears here exactly as submitted.

Line breaks between paragraphs are kept.",No,,No,"Sample answer. A real candidate's full written response appears here exactly as submitted.

Line breaks between paragraphs are kept.",Yes,"Sample answer. A real candidate's full written response appears here exactly as submitted.

Line breaks between paragraphs are kept.","Sample answer. A real candidate's full written response appears here exactly as submitted.

Line breaks between paragraphs are kept.",No,Unsure,
sample0097,resp0097,2026-09-07 12:00:00,Sample Candidate 97,private97@example.com,token0097,Cambridge,Ward Councillor - Ward 6,Yes,,Yes,,Yes,"Sample answer. A real candidate's full written response appears here exactly as submitted.

Line breaks between paragraphs are kept.","Sample answer. A real candidate's full written response appears here exactly as submitted.

Line breaks between paragraphs are kept.",No,"Sample answer. A real candidate's full written response appears here exactly as submitted.

Line breaks between paragraphs are kept.",Yes,"Sample answer. A real candidate's full written response appears here exactly as submitted.

Line breaks between paragraphs are kept.",Unsure,"Sample answer. A real candidate's full written response appears here exactly as submitted.

Line breaks between paragraphs are kept.",No,"Sample answer. A real candidate's full written response appears here exactly as submitted.

Line breaks between paragraphs are kept.","Sample answer. A real candidate's full written response appears here exactly as submitted.

Line breaks between paragraphs are kept.",No,No,
sample0098,resp0098,2026-09-25 12:00:00,Sample Candidate 98,private98@example.com,token0098,Cambridge,Ward Councillor - Ward 7,Unsure,"Sample answer. A real candidate's full written response appears here exactly as submitted.

Line breaks between paragraphs are kept.",Unsure,,Yes,,"Sample answer. A real candidate's full written response appears here exactly as submitted.

Line breaks between paragraphs are kept.",Yes,"Sample answer. A real candidate's full written response appears here exactly as submitted.

Line breaks between paragraphs are kept.",Unsure,"Sample answer. A real candidate's full written response appears here exactly as submitted.

Line breaks between paragraphs are kept.",Yes,"Sample answer. A real candidate's full written response appears here exactly as submitted.

Line breaks between paragraphs are kept.",Unsure,"Sample answer. A real candidate's full written response appears here exactly as submitted.

Line breaks between paragraphs are kept.","Sample answer. A real candidate's full written response appears here exactly as submitted.

Line breaks between paragraphs are kept.",No,Unsure,"Sample answer. A real candidate's full written response appears here exactly as submitted.

Line breaks between paragraphs are kept."
sample0099,resp0099,2026-09-01 12:00:00,Sample Candidate 99,private99@example.com,token0099,Cambridge,Ward Councillor - Ward 7,Yes,"Sample answer. A real candidate's full written response appears here exactly as submitted.

Line breaks between paragraphs are kept.",No,"Sample answer. A real candidate's full written response appears here exactly as submitted.

Line breaks between paragraphs are kept.",No,,"Sample answer. A real candidate's full written response appears here exactly as submitted.

Line breaks between paragraphs are kept.",Unsure,"Sample answer. A real candidate's full written response appears here exactly as submitted.

Line breaks between paragraphs are kept.",Yes,"Sample answer. A real candidate's full written response appears here exactly as submitted.

Line breaks between paragraphs are kept.",Yes,,No,,"Sample answer. A real candidate's full written response appears here exactly as submitted.

Line breaks between paragraphs are kept.",Yes,Unsure,
sample0100,resp0100,2026-09-23 12:00:00,Sample Candidate 100,private100@example.com,token0100,Cambridge,Ward Councillor - Ward 8,,,,,,,,,,,,,,,,,,,
sample0101,resp0101,2026-09-18 12:00:00,Sample Candidate 101,private101@example.com,token0101,Cambridge,Ward Councillor - Ward 8,,,,,,,,,,,,,,,,,,,
sample0102,resp0102,2026-09-02 12:00:00,Sample Candidate 102,private102@example.com,token0102,Cambridge,Ward Councillor - Ward 8,Unsure,,No,"Sample answer. A real candidate's full written response appears here exactly as submitted.

Line breaks between paragraphs are kept.",Yes,,,Yes,"Sample answer. A real candidate's full written response appears here exactly as submitted.

Line breaks between paragraphs are kept.",Yes,,Yes,,Unsure,,"Sample answer. A real candidate's full written response appears here exactly as submitted.

Line breaks between paragraphs are kept.",Yes,Yes,
sample0103,resp0103,2026-09-02 12:00:00,Sample Candidate 103,private103@example.com,token0103,Cambridge,Ward Councillor - Ward 8,,,,,,,,,,,,,,,,,,,
sample0104,resp0104,2026-09-17 12:00:00,Sample Candidate 104,private104@example.com,token0104,Wilmot,Mayor,No,,Unsure,"Sample answer. A real candidate's full written response appears here exactly as submitted.

Line breaks between paragraphs are kept.",Yes,"Sample answer. A real candidate's full written response appears here exactly as submitted.

Line breaks between paragraphs are kept.","Sample answer. A real candidate's full written response appears here exactly as submitted.

Line breaks between paragraphs are kept.",No,"Sample answer. A real candidate's full written response appears here exactly as submitted.

Line breaks between paragraphs are kept.",Yes,,Yes,,Yes,,,,,
sample0105,resp0105,2026-09-17 12:00:00,Sample Candidate 105,private105@example.com,token0105,Wilmot,Mayor,Yes,,No,,Yes,,,Yes,,No,"Sample answer. A real candidate's full written response appears here exactly as submitted.

Line breaks between paragraphs are kept.",No,,No,"Sample answer. A real candidate's full written response appears here exactly as submitted.

Line breaks between paragraphs are kept.","Sample answer. A real candidate's full written response appears here exactly as submitted.

Line breaks between paragraphs are kept.",,,
sample0106,resp0106,2026-09-19 12:00:00,Sample Candidate 106,private106@example.com,token0106,Wilmot,Mayor,Yes,,Yes,,Yes,"Sample answer. A real candidate's full written response appears here exactly as submitted.

Line breaks between paragraphs are kept.",,Yes,"Sample answer. A real candidate's full written response appears here exactly as submitted.

Line breaks between paragraphs are kept.",No,,No,"Sample answer. A real candidate's full written response appears here exactly as submitted.

Line breaks between paragraphs are kept.",Unsure,"Sample answer. A real candidate's full written response appears here exactly as submitted.

Line breaks between paragraphs are kept.","Sample answer. A real candidate's full written response appears here exactly as submitted.

Line breaks between paragraphs are kept.",,,
sample0107,resp0107,2026-09-06 12:00:00,Sample Candidate 107,private107@example.com,token0107,Wilmot,Ward Councillor - Ward 1,Unsure,,Yes,,Yes,"Sample answer. A real candidate's full written response appears here exactly as submitted.

Line breaks between paragraphs are kept.","Sample answer. A real candidate's full written response appears here exactly as submitted.

Line breaks between paragraphs are kept.",Unsure,"Sample answer. A real candidate's full written response appears here exactly as submitted.

Line breaks between paragraphs are kept.",Unsure,,No,"Sample answer. A real candidate's full written response appears here exactly as submitted.

Line breaks between paragraphs are kept.",Yes,,"Sample answer. A real candidate's full written response appears here exactly as submitted.

Line breaks between paragraphs are kept.",,,
sample0108,resp0108,2026-09-20 12:00:00,Sample Candidate 108,private108@example.com,token0108,Wilmot,Ward Councillor - Ward 1,No,"Sample answer. A real candidate's full written response appears here exactly as submitted.

Line breaks between paragraphs are kept.",Yes,"Sample answer. A real candidate's full written response appears here exactly as submitted.

Line breaks between paragraphs are kept.",No,"Sample answer. A real candidate's full written response appears here exactly as submitted.

Line breaks between paragraphs are kept.","Sample answer. A real candidate's full written response appears here exactly as submitted.

Line breaks between paragraphs are kept.",Unsure,"Sample answer. A real candidate's full written response appears here exactly as submitted.

Line breaks between paragraphs are kept.",Yes,,Yes,"Sample answer. A real candidate's full written response appears here exactly as submitted.

Line breaks between paragraphs are kept.",Yes,,"Sample answer. A real candidate's full written response appears here exactly as submitted.

Line breaks between paragraphs are kept.",,,
sample0109,resp0109,2026-09-17 12:00:00,Sample Candidate 109,private109@example.com,token0109,Wilmot,Ward Councillor - Ward 1,,,,,,,,,,,,,,,,,,,
sample0110,resp0110,2026-09-11 12:00:00,Sample Candidate 110,private110@example.com,token0110,Wilmot,Ward Councillor - Ward 1,Yes,,Unsure,,No,,"Sample answer. A real candidate's full written response appears here exactly as submitted.

Line breaks between paragraphs are kept.",Unsure,"Sample answer. A real candidate's full written response appears here exactly as submitted.

Line breaks between paragraphs are kept.",Unsure,,No,,Unsure,"Sample answer. A real candidate's full written response appears here exactly as submitted.

Line breaks between paragraphs are kept.","Sample answer. A real candidate's full written response appears here exactly as submitted.

Line breaks between paragraphs are kept.",,,
sample0111,resp0111,2026-09-17 12:00:00,Sample Candidate 111,private111@example.com,token0111,Wilmot,Ward Councillor - Ward 2,Unsure,,Unsure,"Sample answer. A real candidate's full written response appears here exactly as submitted.

Line breaks between paragraphs are kept.",Yes,,"Sample answer. A real candidate's full written response appears here exactly as submitted.

Line breaks between paragraphs are kept.",Unsure,"Sample answer. A real candidate's full written response appears here exactly as submitted.

Line breaks between paragraphs are kept.",Unsure,"Sample answer. A real candidate's full written response appears here exactly as submitted.

Line breaks between paragraphs are kept.",Yes,"Sample answer. A real candidate's full written response appears here exactly as submitted.

Line breaks between paragraphs are kept.",Yes,"Sample answer. A real candidate's full written response appears here exactly as submitted.

Line breaks between paragraphs are kept.","Sample answer. A real candidate's full written response appears here exactly as submitted.

Line breaks between paragraphs are kept.",,,
sample0112,resp0112,2026-09-06 12:00:00,Sample Candidate 112,private112@example.com,token0112,Wilmot,Ward Councillor - Ward 2,No,"Sample answer. A real candidate's full written response appears here exactly as submitted.

Line breaks between paragraphs are kept.",Yes,"Sample answer. A real candidate's full written response appears here exactly as submitted.

Line breaks between paragraphs are kept.",Unsure,"Sample answer. A real candidate's full written response appears here exactly as submitted.

Line breaks between paragraphs are kept.","Sample answer. A real candidate's full written response appears here exactly as submitted.

Line breaks between paragraphs are kept.",No,,Yes,"Sample answer. A real candidate's full written response appears here exactly as submitted.

Line breaks between paragraphs are kept.",Unsure,,Unsure,"Sample answer. A real candidate's full written response appears here exactly as submitted.

Line breaks between paragraphs are kept.","Sample answer. A real candidate's full written response appears here exactly as submitted.

Line breaks between paragraphs are kept.",,,
sample0113,resp0113,2026-09-10 12:00:00,Sample Candidate 113,private113@example.com,token0113,Wilmot,Ward Councillor - Ward 3,,,,,,,,,,,,,,,,,,,
sample0114,resp0114,2026-09-04 12:00:00,Sample Candidate 114,private114@example.com,token0114,Wilmot,Ward Councillor - Ward 3,Unsure,,Yes,,Unsure,"Sample answer. A real candidate's full written response appears here exactly as submitted.

Line breaks between paragraphs are kept.","Sample answer. A real candidate's full written response appears here exactly as submitted.

Line breaks between paragraphs are kept.",Yes,,No,"Sample answer. A real candidate's full written response appears here exactly as submitted.

Line breaks between paragraphs are kept.",No,"Sample answer. A real candidate's full written response appears here exactly as submitted.

Line breaks between paragraphs are kept.",Yes,"Sample answer. A real candidate's full written response appears here exactly as submitted.

Line breaks between paragraphs are kept.","Sample answer. A real candidate's full written response appears here exactly as submitted.

Line breaks between paragraphs are kept.",,,
sample0115,resp0115,2026-09-15 12:00:00,Sample Candidate 115,private115@example.com,token0115,Wilmot,Ward Councillor - Ward 4,Yes,"Sample answer. A real candidate's full written response appears here exactly as submitted.

Line breaks between paragraphs are kept.",Yes,,Unsure,,"Sample answer. A real candidate's full written response appears here exactly as submitted.

Line breaks between paragraphs are kept.",Yes,,No,,No,,Yes,,"Sample answer. A real candidate's full written response appears here exactly as submitted.

Line breaks between paragraphs are kept.",,,
sample0116,resp0116,2026-09-25 12:00:00,Sample Candidate 116,private116@example.com,token0116,Wilmot,Ward Councillor - Ward 4,No,"Sample answer. A real candidate's full written response appears here exactly as submitted.

Line breaks between paragraphs are kept.",No,,Yes,,"Sample answer. A real candidate's full written response appears here exactly as submitted.

Line breaks between paragraphs are kept.",No,"Sample answer. A real candidate's full written response appears here exactly as submitted.

Line breaks between paragraphs are kept.",No,,Yes,"Sample answer. A real candidate's full written response appears here exactly as submitted.

Line breaks between paragraphs are kept.",Unsure,,,,,
sample0117,resp0117,2026-09-02 12:00:00,Sample Candidate 117,private117@example.com,token0117,Woolwich,Mayor,Unsure,,Yes,"Sample answer. A real candidate's full written response appears here exactly as submitted.

Line breaks between paragraphs are kept.",No,,"Sample answer. A real candidate's full written response appears here exactly as submitted.

Line breaks between paragraphs are kept.",Yes,"Sample answer. A real candidate's full written response appears here exactly as submitted.

Line breaks between paragraphs are kept.",No,,Unsure,,No,,"Sample answer. A real candidate's full written response appears here exactly as submitted.

Line breaks between paragraphs are kept.",,,
sample0118,resp0118,2026-09-20 12:00:00,Sample Candidate 118,private118@example.com,token0118,Woolwich,Mayor,Unsure,,Unsure,,Yes,,"Sample answer. A real candidate's full written response appears here exactly as submitted.

Line breaks between paragraphs are kept.",No,,Yes,"Sample answer. A real candidate's full written response appears here exactly as submitted.

Line breaks between paragraphs are kept.",Yes,,No,,"Sample answer. A real candidate's full written response appears here exactly as submitted.

Line breaks between paragraphs are kept.",,,
sample0119,resp0119,2026-09-06 12:00:00,Sample Candidate 119,private119@example.com,token0119,Woolwich,Mayor,,,,,,,,,,,,,,,,,,,
sample0120,resp0120,2026-09-23 12:00:00,Sample Candidate 120,private120@example.com,token0120,Woolwich,Mayor,,,,,,,,,,,,,,,,,,,
sample0121,resp0121,2026-09-18 12:00:00,Sample Candidate 121,private121@example.com,token0121,Woolwich,Ward Councillor - Ward 1,Unsure,"Sample answer. A real candidate's full written response appears here exactly as submitted.

Line breaks between paragraphs are kept.",Yes,"Sample answer. A real candidate's full written response appears here exactly as submitted.

Line breaks between paragraphs are kept.",Yes,,"Sample answer. A real candidate's full written response appears here exactly as submitted.

Line breaks between paragraphs are kept.",Unsure,,Yes,"Sample answer. A real candidate's full written response appears here exactly as submitted.

Line breaks between paragraphs are kept.",No,"Sample answer. A real candidate's full written response appears here exactly as submitted.

Line breaks between paragraphs are kept.",Yes,"Sample answer. A real candidate's full written response appears here exactly as submitted.

Line breaks between paragraphs are kept.","Sample answer. A real candidate's full written response appears here exactly as submitted.

Line breaks between paragraphs are kept.",,,
sample0122,resp0122,2026-09-05 12:00:00,Sample Candidate 122,private122@example.com,token0122,Woolwich,Ward Councillor - Ward 1,Unsure,,Yes,"Sample answer. A real candidate's full written response appears here exactly as submitted.

Line breaks between paragraphs are kept.",Unsure,"Sample answer. A real candidate's full written response appears here exactly as submitted.

Line breaks between paragraphs are kept.","Sample answer. A real candidate's full written response appears here exactly as submitted.

Line breaks between paragraphs are kept.",Unsure,"Sample answer. A real candidate's full written response appears here exactly as submitted.

Line breaks between paragraphs are kept.",Yes,,Unsure,,No,,"Sample answer. A real candidate's full written response appears here exactly as submitted.

Line breaks between paragraphs are kept.",,,
sample0123,resp0123,2026-09-12 12:00:00,Sample Candidate 123,private123@example.com,token0123,Woolwich,Ward Councillor - Ward 1,Yes,,No,"Sample answer. A real candidate's full written response appears here exactly as submitted.

Line breaks between paragraphs are kept.",No,,"Sample answer. A real candidate's full written response appears here exactly as submitted.

Line breaks between paragraphs are kept.",Yes,"Sample answer. A real candidate's full written response appears here exactly as submitted.

Line breaks between paragraphs are kept.",No,,Yes,"Sample answer. A real candidate's full written response appears here exactly as submitted.

Line breaks between paragraphs are kept.",Yes,"Sample answer. A real candidate's full written response appears here exactly as submitted.

Line breaks between paragraphs are kept.","Sample answer. A real candidate's full written response appears here exactly as submitted.

Line breaks between paragraphs are kept.",,,
sample0124,resp0124,2026-09-16 12:00:00,Sample Candidate 124,private124@example.com,token0124,Woolwich,Ward Councillor - Ward 2,Unsure,"Sample answer. A real candidate's full written response appears here exactly as submitted.

Line breaks between paragraphs are kept.",No,,No,"Sample answer. A real candidate's full written response appears here exactly as submitted.

Line breaks between paragraphs are kept.","Sample answer. A real candidate's full written response appears here exactly as submitted.

Line breaks between paragraphs are kept.",No,,Unsure,,Unsure,,No,,"Sample answer. A real candidate's full written response appears here exactly as submitted.

Line breaks between paragraphs are kept.",,,
sample0125,resp0125,2026-09-13 12:00:00,Sample Candidate 125,private125@example.com,token0125,Woolwich,Ward Councillor - Ward 2,No,,No,,No,,"Sample answer. A real candidate's full written response appears here exactly as submitted.

Line breaks between paragraphs are kept.",Yes,"Sample answer. A real candidate's full written response appears here exactly as submitted.

Line breaks between paragraphs are kept.",Unsure,"Sample answer. A real candidate's full written response appears here exactly as submitted.

Line breaks between paragraphs are kept.",No,"Sample answer. A real candidate's full written response appears here exactly as submitted.

Line breaks between paragraphs are kept.",No,,,,,
sample0126,resp0126,2026-09-25 12:00:00,Sample Candidate 126,private126@example.com,token0126,Woolwich,Ward Councillor - Ward 2,No,,No,,Unsure,,"Sample answer. A real candidate's full written response appears here exactly as submitted.

Line breaks between paragraphs are kept.",Yes,,Yes,,Unsure,,Yes,"Sample answer. A real candidate's full written response appears here exactly as submitted.

Line breaks between paragraphs are kept.","Sample answer. A real candidate's full written response appears here exactly as submitted.

Line breaks between paragraphs are kept.",,,
sample0127,resp0127,2026-09-22 12:00:00,Sample Candidate 127,private127@example.com,token0127,Woolwich,Ward Councillor - Ward 2,No,,Unsure,"Sample answer. A real candidate's full written response appears here exactly as submitted.

Line breaks between paragraphs are kept.",No,,"Sample answer. A real candidate's full written response appears here exactly as submitted.

Line breaks between paragraphs are kept.",No,"Sample answer. A real candidate's full written response appears here exactly as submitted.

Line breaks between paragraphs are kept.",No,"Sample answer. A real candidate's full written response appears here exactly as submitted.

Line breaks between paragraphs are kept.",Yes,,Yes,"Sample answer. A real candidate's full written response appears here exactly as submitted.

Line breaks between paragraphs are kept.","Sample answer. A real candidate's full written response appears here exactly as submitted.

Line breaks between paragraphs are kept.",,,
sample0128,resp0128,2026-09-02 12:00:00,Sample Candidate 128,private128@example.com,token0128,Woolwich,Ward Councillor - Ward 3,Unsure,"Sample answer. A real candidate's full written response appears here exactly as submitted.

Line breaks between paragraphs are kept.",No,"Sample answer. A real candidate's full written response appears here exactly as submitted.

Line breaks between paragraphs are kept.",Yes,"Sample answer. A real candidate's full written response appears here exactly as submitted.

Line breaks between paragraphs are kept.","Sample answer. A real candidate's full written response appears here exactly as submitted.

Line breaks between paragraphs are kept.",Unsure,,Yes,,Unsure,"Sample answer. A real candidate's full written response appears here exactly as submitted.

Line breaks between paragraphs are kept.",No,,,,,
sample0129,resp0129,2026-09-06 12:00:00,Sample Candidate 129,private129@example.com,token0129,Woolwich,Ward Councillor - Ward 3,Yes,,Yes,"Sample answer. A real candidate's full written response appears here exactly as submitted.

Line breaks between paragraphs are kept.",Yes,"Sample answer. A real candidate's full written response appears here exactly as submitted.

Line breaks between paragraphs are kept.","Sample answer. A real candidate's full written response appears here exactly as submitted.

Line breaks between paragraphs are kept.",No,"Sample answer. A real candidate's full written response appears here exactly as submitted.

Line breaks between paragraphs are kept.",Yes,"Sample answer. A real candidate's full written response appears here exactly as submitted.

Line breaks between paragraphs are kept.",Unsure,,Yes,"Sample answer. A real candidate's full written response appears here exactly as submitted.

Line breaks between paragraphs are kept.","Sample answer. A real candidate's full written response appears here exactly as submitted.

Line breaks between paragraphs are kept.",,,
sample0130,resp0130,2026-09-23 12:00:00,Sample Candidate 130,private130@example.com,token0130,Wellesley,Mayor,Yes,,No,,No,"Sample answer. A real candidate's full written response appears here exactly as submitted.

Line breaks between paragraphs are kept.","Sample answer. A real candidate's full written response appears here exactly as submitted.

Line breaks between paragraphs are kept.",No,,Yes,"Sample answer. A real candidate's full written response appears here exactly as submitted.

Line breaks between paragraphs are kept.",Yes,,No,"Sample answer. A real candidate's full written response appears here exactly as submitted.

Line breaks between paragraphs are kept.","Sample answer. A real candidate's full written response appears here exactly as submitted.

Line breaks between paragraphs are kept.",,,
sample0131,resp0131,2026-09-06 12:00:00,Sample Candidate 131,private131@example.com,token0131,Wellesley,Mayor,,,,,,,,,,,,,,,,,,,
sample0132,resp0132,2026-09-23 12:00:00,Sample Candidate 132,private132@example.com,token0132,Wellesley,Ward Councillor - Ward 1,Yes,"Sample answer. A real candidate's full written response appears here exactly as submitted.

Line breaks between paragraphs are kept.",No,,Unsure,"Sample answer. A real candidate's full written response appears here exactly as submitted.

Line breaks between paragraphs are kept.","Sample answer. A real candidate's full written response appears here exactly as submitted.

Line breaks between paragraphs are kept.",No,,Unsure,,Yes,,Unsure,"Sample answer. A real candidate's full written response appears here exactly as submitted.

Line breaks between paragraphs are kept.","Sample answer. A real candidate's full written response appears here exactly as submitted.

Line breaks between paragraphs are kept.",,,
sample0133,resp0133,2026-09-07 12:00:00,Sample Candidate 133,private133@example.com,token0133,Wellesley,Ward Councillor - Ward 1,,,,,,,,,,,,,,,,,,,
sample0134,resp0134,2026-09-24 12:00:00,Sample Candidate 134,private134@example.com,token0134,Wellesley,Ward Councillor - Ward 2,No,"Sample answer. A real candidate's full written response appears here exactly as submitted.

Line breaks between paragraphs are kept.",Unsure,,Yes,,,Unsure,,Yes,,Unsure,,No,,"Sample answer. A real candidate's full written response appears here exactly as submitted.

Line breaks between paragraphs are kept.",,,
sample0135,resp0135,2026-09-22 12:00:00,Sample Candidate 135,private135@example.com,token0135,Wellesley,Ward Councillor - Ward 2,,,,,,,,,,,,,,,,,,,
sample0136,resp0136,2026-09-25 12:00:00,Sample Candidate 136,private136@example.com,token0136,Wellesley,Ward Councillor - Ward 3,Yes,"Sample answer. A real candidate's full written response appears here exactly as submitted.

Line breaks between paragraphs are kept.",Yes,,Yes,,"Sample answer. A real candidate's full written response appears here exactly as submitted.

Line breaks between paragraphs are kept.",No,"Sample answer. A real candidate's full written response appears here exactly as submitted.

Line breaks between paragraphs are kept.",Yes,,No,"Sample answer. A real candidate's full written response appears here exactly as submitted.

Line breaks between paragraphs are kept.",Yes,,"Sample answer. A real candidate's full written response appears here exactly as submitted.

Line breaks between paragraphs are kept.",,,
sample0137,resp0137,2026-09-02 12:00:00,Sample Candidate 137,private137@example.com,token0137,Wellesley,Ward Councillor - Ward 3,Unsure,,Yes,"Sample answer. A real candidate's full written response appears here exactly as submitted.

Line breaks between paragraphs are kept.",Yes,,"Sample answer. A real candidate's full written response appears here exactly as submitted.

Line breaks between paragraphs are kept.",No,,Unsure,,No,"Sample answer. A real candidate's full written response appears here exactly as submitted.

Line breaks between paragraphs are kept.",Unsure,,"Sample answer. A real candidate's full written response appears here exactly as submitted.

Line breaks between paragraphs are kept.",,,
sample0138,resp0138,2026-09-02 12:00:00,Sample Candidate 138,private138@example.com,token0138,Wellesley,Ward Councillor - Ward 3,,,,,,,,,,,,,,,,,,,
sample0139,resp0139,2026-09-21 12:00:00,Sample Candidate 139,private139@example.com,token0139,Wellesley,Ward Councillor - Ward 3,Unsure,,No,"Sample answer. A real candidate's full written response appears here exactly as submitted.

Line breaks between paragraphs are kept.",Yes,,"Sample answer. A real candidate's full written response appears here exactly as submitted.

Line breaks between paragraphs are kept.",Yes,"Sample answer. A real candidate's full written response appears here exactly as submitted.

Line breaks between paragraphs are kept.",No,,No,"Sample answer. A real candidate's full written response appears here exactly as submitted.

Line breaks between paragraphs are kept.",Yes,"Sample answer. A real candidate's full written response appears here exactly as submitted.

Line breaks between paragraphs are kept.","Sample answer. A real candidate's full written response appears here exactly as submitted.

Line breaks between paragraphs are kept.",,,
sample0140,resp0140,2026-09-17 12:00:00,Sample Candidate 140,private140@example.com,token0140,Wellesley,Ward Councillor - Ward 4,Yes,"Sample answer. A real candidate's full written response appears here exactly as submitted.

Line breaks between paragraphs are kept.",Unsure,"Sample answer. A real candidate's full written response appears here exactly as submitted.

Line breaks between paragraphs are kept.",Unsure,,"Sample answer. A real candidate's full written response appears here exactly as submitted.

Line breaks between paragraphs are kept.",Yes,,Yes,"Sample answer. A real candidate's full written response appears here exactly as submitted.

Line breaks between paragraphs are kept.",No,"Sample answer. A real candidate's full written response appears here exactly as submitted.

Line breaks between paragraphs are kept.",No,"Sample answer. A real candidate's full written response appears here exactly as submitted.

Line breaks between paragraphs are kept.","Sample answer. A real candidate's full written response appears here exactly as submitted.

Line breaks between paragraphs are kept.",,,
sample0141,resp0141,2026-09-03 12:00:00,Sample Candidate 141,private141@example.com,token0141,Wellesley,Ward Councillor - Ward 4,No,"Sample answer. A real candidate's full written response appears here exactly as submitted.

Line breaks between paragraphs are kept.",No,"Sample answer. A real candidate's full written response appears here exactly as submitted.

Line breaks between paragraphs are kept.",Yes,"Sample answer. A real candidate's full written response appears here exactly as submitted.

Line breaks between paragraphs are kept.","Sample answer. A real candidate's full written response appears here exactly as submitted.

Line breaks between paragraphs are kept.",Yes,,Yes,,Unsure,"Sample answer. A real candidate's full written response appears here exactly as submitted.

Line breaks between paragraphs are kept.",Yes,"Sample answer. A real candidate's full written response appears here exactly as submitted.

Line breaks between paragraphs are kept.","Sample answer. A real candidate's full written response appears here exactly as submitted.

Line breaks between paragraphs are kept.",,,
sample0142,resp0142,2026-09-06 12:00:00,Sample Candidate 142,private142@example.com,token0142,Wellesley,Ward Councillor - Ward 4,Yes,"Sample answer. A real candidate's full written response appears here exactly as submitted.

Line breaks between paragraphs are kept.",Unsure,"Sample answer. A real candidate's full written response appears here exactly as submitted.

Line breaks between paragraphs are kept.",Unsure,,"Sample answer. A real candidate's full written response appears here exactly as submitted.

Line breaks between paragraphs are kept.",No,,Yes,"Sample answer. A real candidate's full written response appears here exactly as submitted.

Line breaks between paragraphs are kept.",Yes,,Unsure,,"Sample answer. A real candidate's full written response appears here exactly as submitted.

Line breaks between paragraphs are kept.",,,
