{"type": "FeatureCollection", "features": [{"type": "Feature", "geometry": {"type": "Polygon", "coordinates": [[[-80.41308, 43.36996], [-80.41228, 43.3701], [-80.40859, 43.37077], [-80.40736, 43.37099], [-80.40236, 43.37186], [-80.39441, 43.37322], [-80.37965, 43.37579], [-80.36743, 43.378], [-80.3674, 43.37801], [-80.36782, 43.37905], [-80.36827, 43.38016], [-80.36863, 43.38104], [-80.36899, 43.38192], [-80.36935, 43.38279], [-80.36943, 43.38292], [-80.36943, 43.38292], [-80.37134, 43.38303], [-80.37439, 43.38314], [-80.37597, 43.38712], [-80.37482, 43.38746], [-80.37386, 43.38746], [-80.37282, 43.3872], [-80.37165, 43.38694], [-80.36978, 43.38673], [-80.36764, 43.38657], [-80.36702, 43.38642], [-80.36695, 43.38681], [-80.36696, 43.38715], [-80.36699, 43.38725], [-80.36699, 43.38732], [-80.36704, 43.38745], [-80.36728, 43.38782], [-80.36729, 43.38785], [-80.36731, 43.38788], [-80.36733, 43.3879], [-80.36735, 43.38793], [-80.36737, 43.38796], [-80.36739, 43.38799], [-80.36741, 43.38801], [-80.36743, 43.38804], [-80.36746, 43.38806], [-80.36749, 43.38808], [-80.36751, 43.38811], [-80.36754, 43.38813], [-80.36757, 43.38815], [-80.3676, 43.38817], [-80.36763, 43.38819], [-80.36767, 43.38821], [-80.3677, 43.38823], [-80.36773, 43.38825], [-80.36777, 43.38827], [-80.3678, 43.38828], [-80.36784, 43.3883], [-80.36788, 43.38831], [-80.36792, 43.38832], [-80.36797, 43.38834], [-80.36803, 43.38836], [-80.36808, 43.38839], [-80.36813, 43.38841], [-80.36818, 43.38843], [-80.36823, 43.38846], [-80.36828, 43.38849], [-80.36833, 43.38851], [-80.36838, 43.38854], [-80.36842, 43.38857], [-80.36846, 43.3886], [-80.36851, 43.38864], [-80.36855, 43.38867], [-80.36859, 43.3887], [-80.36862, 43.38874], [-80.36866, 43.38877], [-80.36869, 43.38881], [-80.36873, 43.38885], [-80.36974, 43.38986], [-80.36974, 43.38986], [-80.3699, 43.39009], [-80.37005, 43.39032], [-80.37018, 43.39055], [-80.37031, 43.39079], [-80.37042, 43.39103], [-80.37053, 43.39127], [-80.37062, 43.39152], [-80.3707, 43.39176], [-80.37101, 43.39212], [-80.37114, 43.39232], [-80.37114, 43.39234], [-80.37115, 43.39237], [-80.37115, 43.3924], [-80.37114, 43.39243], [-80.37114, 43.39246], [-80.37114, 43.39249], [-80.37113, 43.39252], [-80.37113, 43.39255], [-80.37112, 43.39258], [-80.37111, 43.39261], [-80.3711, 43.39264], [-80.37109, 43.39267], [-80.37107, 43.39269], [-80.37106, 43.39272], [-80.37104, 43.39275], [-80.37103, 43.39278], [-80.37101, 43.3928], [-80.37099, 43.39283], [-80.37097, 43.39285], [-80.37095, 43.39288], [-80.37092, 43.3929], [-80.37088, 43.39295], [-80.37084, 43.39299], [-80.37081, 43.39303], [-80.37077, 43.39308], [-80.37074, 43.39313], [-80.37071, 43.39317], [-80.37068, 43.39322], [-80.37066, 43.39327], [-80.37064, 43.39332], [-80.37062, 43.39337], [-80.3706, 43.39342], [-80.37058, 43.39347], [-80.37058, 43.39349], [-80.37057, 43.3935], [-80.37057, 43.39352], [-80.37057, 43.39353], [-80.37057, 43.39355], [-80.37057, 43.39357], [-80.37057, 43.39358], [-80.37057, 43.3936], [-80.37057, 43.39361], [-80.37057, 43.39363], [-80.37058, 43.39365], [-80.37058, 43.39366], [-80.37059, 43.39368], [-80.37059, 43.39369], [-80.3706, 43.39371], [-80.3706, 43.39372], [-80.37061, 43.39374], [-80.37062, 43.39375], [-80.37063, 43.39377], [-80.37064, 43.39378], [-80.37065, 43.39379], [-80.37066, 43.39381], [-80.37067, 43.39382], [-80.37069, 43.39383], [-80.3707, 43.39385], [-80.37071, 43.39386], [-80.37073, 43.39387], [-80.37074, 43.39388], [-80.37076, 43.3939], [-80.37077, 43.39391], [-80.37079, 43.39392], [-80.3708, 43.39393], [-80.37082, 43.39394], [-80.37084, 43.39395], [-80.37086, 43.39395], [-80.37088, 43.39396], [-80.37089, 43.39397], [-80.37091, 43.39398], [-80.37093, 43.39399], [-80.37095, 43.39399], [-80.37097, 43.394], [-80.37099, 43.394], [-80.37146, 43.39408], [-80.37155, 43.3941], [-80.37159, 43.3941], [-80.37164, 43.39411], [-80.37168, 43.39412], [-80.37172, 43.39414], [-80.37177, 43.39415], [-80.37181, 43.39416], [-80.37185, 43.39418], [-80.37189, 43.39419], [-80.37193, 43.39421], [-80.37197, 43.39423], [-80.37201, 43.39425], [-80.37205, 43.39427], [-80.37208, 43.39429], [-80.37212, 43.39431], [-80.37215, 43.39433], [-80.37219, 43.39436], [-80.37222, 43.39438], [-80.37225, 43.39441], [-80.37228, 43.39443], [-80.37231, 43.39446], [-80.37233, 43.39449], [-80.37236, 43.39451], [-80.37238, 43.39454], [-80.37241, 43.39457], [-80.37243, 43.3946], [-80.37245, 43.39463], [-80.37245, 43.3947], [-80.37244, 43.39477], [-80.37243, 43.39484], [-80.37242, 43.39491], [-80.3724, 43.39497], [-80.37239, 43.39504], [-80.37236, 43.39511], [-80.37234, 43.39517], [-80.37231, 43.39524], [-80.37228, 43.3953], [-80.37225, 43.39537], [-80.37221, 43.39543], [-80.37217, 43.39549], [-80.37213, 43.39556], [-80.37208, 43.39562], [-80.37204, 43.39567], [-80.37199, 43.39573], [-80.37193, 43.39579], [-80.37188, 43.39584], [-80.37182, 43.3959], [-80.37176, 43.39595], [-80.37169, 43.396], [-80.37164, 43.39605], [-80.3712, 43.39637], [-80.37078, 43.39671], [-80.37037, 43.39705], [-80.36991, 43.39761], [-80.36934, 43.39806], [-80.36819, 43.39866], [-80.36703, 43.39926], [-80.36587, 43.39986], [-80.36457, 43.39914], [-80.36344, 43.39851], [-80.36261, 43.39937], [-80.36178, 43.40023], [-80.36177, 43.40024], [-80.36162, 43.40039], [-80.36147, 43.40053], [-80.3613, 43.40067], [-80.36113, 43.4008], [-80.36096, 43.40093], [-80.36093, 43.40095], [-80.35942, 43.4021], [-80.35931, 43.40217], [-80.35918, 43.40225], [-80.35904, 43.40232], [-80.3589, 43.40239], [-80.35874, 43.40246], [-80.35867, 43.40249], [-80.35728, 43.40306], [-80.35712, 43.40311], [-80.35697, 43.40315], [-80.35682, 43.40319], [-80.35671, 43.40321], [-80.3566, 43.40323], [-80.35604, 43.40333], [-80.35556, 43.40341], [-80.35451, 43.40359], [-80.35357, 43.40374], [-80.35305, 43.40383], [-80.35266, 43.40389], [-80.35173, 43.40405], [-80.35139, 43.40411], [-80.35081, 43.4042], [-80.34988, 43.40435], [-80.34895, 43.40451], [-80.34802, 43.40465], [-80.34743, 43.40474], [-80.34707, 43.40363], [-80.34671, 43.40252], [-80.34618, 43.40085], [-80.34608, 43.40052], [-80.34596, 43.40012], [-80.34543, 43.39847], [-80.34524, 43.39794], [-80.34367, 43.39822], [-80.34209, 43.3985], [-80.34052, 43.39878], [-80.33892, 43.39905], [-80.33845, 43.39914], [-80.33795, 43.39922], [-80.33628, 43.39952], [-80.33499, 43.39974], [-80.33369, 43.39997], [-80.3324, 43.4002], [-80.3311, 43.40042], [-80.3299, 43.40063], [-80.32869, 43.40084], [-80.32855, 43.40087], [-80.32842, 43.4009], [-80.32829, 43.40094], [-80.32817, 43.40099], [-80.32805, 43.40104], [-80.32793, 43.4011], [-80.32787, 43.40113], [-80.32736, 43.40138], [-80.32732, 43.4014], [-80.32719, 43.40144], [-80.32706, 43.40149], [-80.327, 43.4015], [-80.32688, 43.40154], [-80.32661, 43.4016], [-80.32635, 43.40165], [-80.32628, 43.40167], [-80.32604, 43.40171], [-80.32634, 43.40261], [-80.32663, 43.40351], [-80.32693, 43.40442], [-80.32723, 43.40532], [-80.32752, 43.40623], [-80.32782, 43.40713], [-80.32811, 43.40803], [-80.32813, 43.40808], [-80.3282, 43.40831], [-80.32826, 43.40855], [-80.32831, 43.40878], [-80.32836, 43.40902], [-80.32839, 43.40926], [-80.32841, 43.4095], [-80.32842, 43.40974], [-80.32842, 43.40998], [-80.32842, 43.41022], [-80.3284, 43.41046], [-80.32838, 43.41063], [-80.32813, 43.41193], [-80.32812, 43.41198], [-80.32806, 43.41241], [-80.328, 43.41284], [-80.32799, 43.41293], [-80.32797, 43.41354], [-80.32794, 43.41418], [-80.3279, 43.41556], [-80.32788, 43.4165], [-80.32785, 43.41745], [-80.32786, 43.41767], [-80.32786, 43.41769], [-80.32787, 43.41788], [-80.32789, 43.41807], [-80.32794, 43.41835], [-80.32797, 43.41845], [-80.32801, 43.41862], [-80.32807, 43.41882], [-80.32814, 43.41901], [-80.32822, 43.4192], [-80.32829, 43.41934], [-80.32838, 43.41949], [-80.32858, 43.41981], [-80.32872, 43.42002], [-80.32883, 43.42019], [-80.32899, 43.4204], [-80.32979, 43.42127], [-80.33004, 43.42155], [-80.33028, 43.42182], [-80.33052, 43.4221], [-80.33074, 43.42239], [-80.33092, 43.42262], [-80.33098, 43.42271], [-80.33109, 43.42289], [-80.33119, 43.42307], [-80.33124, 43.42319], [-80.33124, 43.42319], [-80.33112, 43.42328], [-80.331, 43.42337], [-80.33087, 43.42346], [-80.33074, 43.42354], [-80.33061, 43.42362], [-80.33047, 43.42369], [-80.33033, 43.42376], [-80.33019, 43.42383], [-80.33005, 43.4239], [-80.33003, 43.4239], [-80.32855, 43.42476], [-80.3275, 43.42534], [-80.32645, 43.42592], [-80.3254, 43.4265], [-80.32416, 43.42686], [-80.32292, 43.42721], [-80.32175, 43.42769], [-80.32058, 43.42817], [-80.31941, 43.42865], [-80.31823, 43.42913], [-80.31706, 43.4296], [-80.31589, 43.43008], [-80.31472, 43.43056], [-80.31329, 43.43127], [-80.31183, 43.43217], [-80.31063, 43.43279], [-80.30943, 43.43341], [-80.30873, 43.43418], [-80.30802, 43.43495], [-80.30732, 43.43572], [-80.30661, 43.43649], [-80.30591, 43.43726], [-80.3052, 43.43803], [-80.3045, 43.4388], [-80.30379, 43.43957], [-80.30309, 43.44034], [-80.30238, 43.44111], [-80.30168, 43.44188], [-80.30097, 43.44265], [-80.30027, 43.44342], [-80.29924, 43.44439], [-80.29917, 43.44444], [-80.29913, 43.44448], [-80.29908, 43.44451], [-80.29904, 43.44455], [-80.29899, 43.44459], [-80.29895, 43.44463], [-80.29892, 43.44467], [-80.29888, 43.44471], [-80.29885, 43.44475], [-80.29881, 43.44479], [-80.29878, 43.44483], [-80.29875, 43.44488], [-80.29873, 43.44492], [-80.2987, 43.44497], [-80.29868, 43.44501], [-80.29866, 43.44506], [-80.29864, 43.44511], [-80.29863, 43.44516], [-80.29862, 43.4452], [-80.29861, 43.44525], [-80.2986, 43.4453], [-80.29859, 43.44535], [-80.29859, 43.4454], [-80.29859, 43.44544], [-80.29859, 43.44549], [-80.29859, 43.44558], [-80.29889, 43.44664], [-80.2989, 43.44667], [-80.29893, 43.44674], [-80.29895, 43.44682], [-80.29898, 43.4469], [-80.29899, 43.44697], [-80.29901, 43.44705], [-80.29902, 43.44713], [-80.29902, 43.44721], [-80.29903, 43.44729], [-80.29903, 43.44737], [-80.29902, 43.44745], [-80.29902, 43.44752], [-80.29901, 43.4476], [-80.29899, 43.44768], [-80.29897, 43.44776], [-80.29895, 43.44784], [-80.29894, 43.44786], [-80.29892, 43.44794], [-80.29889, 43.44801], [-80.29886, 43.44809], [-80.29882, 43.44816], [-80.29878, 43.44824], [-80.29874, 43.44831], [-80.29869, 43.44838], [-80.29864, 43.44845], [-80.29859, 43.44852], [-80.29853, 43.44859], [-80.29848, 43.44865], [-80.29841, 43.44872], [-80.29835, 43.44878], [-80.29828, 43.44884], [-80.29821, 43.4489], [-80.29816, 43.44894], [-80.29734, 43.44968], [-80.29733, 43.44968], [-80.29732, 43.44969], [-80.29731, 43.4497], [-80.2973, 43.44971], [-80.2973, 43.44972], [-80.29729, 43.44973], [-80.29729, 43.44974], [-80.29728, 43.44975], [-80.29727, 43.44975], [-80.29727, 43.44976], [-80.29726, 43.44977], [-80.29726, 43.44978], [-80.29726, 43.44979], [-80.29725, 43.4498], [-80.29725, 43.44981], [-80.29725, 43.44982], [-80.29725, 43.44983], [-80.29725, 43.44984], [-80.29725, 43.44985], [-80.29725, 43.44986], [-80.29725, 43.44987], [-80.29725, 43.44988], [-80.29725, 43.44989], [-80.29725, 43.4499], [-80.29725, 43.44991], [-80.29725, 43.44992], [-80.29726, 43.44993], [-80.29726, 43.44994], [-80.29727, 43.44995], [-80.29727, 43.44996], [-80.29727, 43.44997], [-80.29728, 43.44998], [-80.29729, 43.44999], [-80.29729, 43.45], [-80.2973, 43.45001], [-80.29731, 43.45002], [-80.29731, 43.45002], [-80.29732, 43.45003], [-80.29733, 43.45004], [-80.29734, 43.45005], [-80.29735, 43.45006], [-80.29736, 43.45006], [-80.29737, 43.45007], [-80.29738, 43.45008], [-80.29739, 43.45008], [-80.2974, 43.45009], [-80.29741, 43.4501], [-80.29742, 43.4501], [-80.29743, 43.45011], [-80.29744, 43.45011], [-80.29746, 43.45012], [-80.29747, 43.45012], [-80.29748, 43.45013], [-80.29749, 43.45013], [-80.29751, 43.45014], [-80.29752, 43.45014], [-80.29753, 43.45014], [-80.29755, 43.45014], [-80.29805, 43.45029], [-80.29807, 43.4503], [-80.29809, 43.45031], [-80.29811, 43.45032], [-80.29813, 43.45033], [-80.29816, 43.45034], [-80.29818, 43.45036], [-80.2982, 43.45037], [-80.29822, 43.45038], [-80.29823, 43.4504], [-80.29825, 43.45041], [-80.29827, 43.45042], [-80.29829, 43.45044], [-80.2983, 43.45045], [-80.29832, 43.45047], [-80.29833, 43.45049], [-80.29834, 43.4505], [-80.29836, 43.45052], [-80.29837, 43.45054], [-80.29838, 43.45055], [-80.29839, 43.45057], [-80.2984, 43.45059], [-80.29841, 43.45061], [-80.29842, 43.45062], [-80.29842, 43.45064], [-80.29843, 43.45066], [-80.29843, 43.45068], [-80.29844, 43.4507], [-80.29844, 43.45072], [-80.29844, 43.45074], [-80.29845, 43.45076], [-80.29845, 43.45078], [-80.29845, 43.4508], [-80.29844, 43.45081], [-80.29844, 43.45083], [-80.29844, 43.45085], [-80.29844, 43.45087], [-80.29843, 43.45089], [-80.29842, 43.45091], [-80.29841, 43.45137], [-80.29841, 43.45138], [-80.29842, 43.4514], [-80.29842, 43.45141], [-80.29842, 43.45143], [-80.29843, 43.45144], [-80.29843, 43.45146], [-80.29843, 43.45147], [-80.29843, 43.45149], [-80.29843, 43.4515], [-80.29843, 43.45152], [-80.29842, 43.45153], [-80.29842, 43.45155], [-80.29842, 43.45156], [-80.29841, 43.45158], [-80.29841, 43.45159], [-80.2984, 43.45161], [-80.2984, 43.45162], [-80.29839, 43.45164], [-80.29838, 43.45165], [-80.29837, 43.45167], [-80.29837, 43.45168], [-80.29836, 43.45169], [-80.29835, 43.45171], [-80.29834, 43.45172], [-80.29832, 43.45173], [-80.29831, 43.45174], [-80.2983, 43.45176], [-80.29829, 43.45177], [-80.29827, 43.45178], [-80.29826, 43.45179], [-80.29824, 43.4518], [-80.29823, 43.45181], [-80.29821, 43.45182], [-80.2982, 43.45183], [-80.29818, 43.45184], [-80.29816, 43.45185], [-80.29815, 43.45186], [-80.29813, 43.45186], [-80.29811, 43.45187], [-80.29809, 43.45188], [-80.29807, 43.45189], [-80.29805, 43.45189], [-80.29803, 43.4519], [-80.29801, 43.4519], [-80.298, 43.45191], [-80.29772, 43.45194], [-80.29771, 43.45194], [-80.2977, 43.45194], [-80.2977, 43.45194], [-80.29769, 43.45194], [-80.29768, 43.45194], [-80.29767, 43.45194], [-80.29766, 43.45194], [-80.29766, 43.45194], [-80.29765, 43.45195], [-80.29764, 43.45195], [-80.29763, 43.45195], [-80.29763, 43.45195], [-80.29762, 43.45195], [-80.29761, 43.45196], [-80.2976, 43.45196], [-80.2976, 43.45196], [-80.29759, 43.45196], [-80.29758, 43.45197], [-80.29758, 43.45197], [-80.29757, 43.45197], [-80.29756, 43.45198], [-80.29756, 43.45198], [-80.29755, 43.45199], [-80.29755, 43.45199], [-80.29754, 43.45199], [-80.29754, 43.452], [-80.29753, 43.452], [-80.29753, 43.45201], [-80.29752, 43.45201], [-80.29752, 43.45202], [-80.29741, 43.45292], [-80.2973, 43.45383], [-80.29719, 43.45474], [-80.29734, 43.4551], [-80.29794, 43.45656], [-80.29845, 43.45777], [-80.29895, 43.45898], [-80.29937, 43.46006], [-80.29975, 43.46104], [-80.30014, 43.46202], [-80.30051, 43.46295], [-80.30088, 43.46388], [-80.30125, 43.46481], [-80.30162, 43.46574], [-80.30199, 43.46667], [-80.30273, 43.46853], [-80.30278, 43.46859], [-80.30366, 43.46953], [-80.30453, 43.47046], [-80.30498, 43.47099], [-80.30588, 43.47202], [-80.30612, 43.47208], [-80.3068, 43.47201], [-80.30845, 43.47186], [-80.30986, 43.47175], [-80.31127, 43.47164], [-80.31268, 43.47152], [-80.31409, 43.47141], [-80.31436, 43.47138], [-80.31468, 43.47134], [-80.31501, 43.47129], [-80.31533, 43.47123], [-80.31564, 43.47117], [-80.31596, 43.47109], [-80.31627, 43.47102], [-80.31658, 43.47093], [-80.31688, 43.47084], [-80.31698, 43.47081], [-80.31874, 43.47021], [-80.32025, 43.46968], [-80.32176, 43.46915], [-80.32302, 43.46871], [-80.32427, 43.46827], [-80.32552, 43.46783], [-80.32677, 43.46738], [-80.32776, 43.46703], [-80.32823, 43.46688], [-80.32866, 43.46672], [-80.33083, 43.46596], [-80.33209, 43.46551], [-80.33334, 43.46506], [-80.3346, 43.46461], [-80.33586, 43.46416], [-80.3361, 43.46407], [-80.33635, 43.46397], [-80.33658, 43.46387], [-80.33682, 43.46375], [-80.33704, 43.46364], [-80.33727, 43.46351], [-80.33748, 43.46339], [-80.33769, 43.46325], [-80.33776, 43.4632], [-80.33864, 43.46258], [-80.33953, 43.46195], [-80.33955, 43.46193], [-80.33972, 43.46183], [-80.33976, 43.4618], [-80.33998, 43.46168], [-80.3402, 43.46156], [-80.34042, 43.46145], [-80.34066, 43.46135], [-80.34089, 43.46125], [-80.34113, 43.46116], [-80.34138, 43.46108], [-80.34163, 43.461], [-80.34188, 43.46093], [-80.34214, 43.46086], [-80.3424, 43.46081], [-80.34266, 43.46075], [-80.34293, 43.46071], [-80.34314, 43.46068], [-80.34443, 43.46049], [-80.34573, 43.46031], [-80.34702, 43.46012], [-80.34831, 43.45993], [-80.34961, 43.45975], [-80.3509, 43.45956], [-80.35219, 43.45937], [-80.35228, 43.45936], [-80.35245, 43.45933], [-80.35263, 43.45929], [-80.3528, 43.45924], [-80.35297, 43.45918], [-80.35313, 43.45912], [-80.35329, 43.45906], [-80.35344, 43.45898], [-80.35352, 43.45894], [-80.35366, 43.45887], [-80.35378, 43.4588], [-80.35381, 43.45878], [-80.35395, 43.45868], [-80.35407, 43.45858], [-80.3542, 43.45848], [-80.35428, 43.4584], [-80.35522, 43.45744], [-80.35616, 43.45649], [-80.35617, 43.45648], [-80.35634, 43.45632], [-80.35652, 43.45616], [-80.35671, 43.45601], [-80.35691, 43.45587], [-80.35711, 43.45572], [-80.35732, 43.45559], [-80.35754, 43.45546], [-80.35766, 43.45539], [-80.35778, 43.45532], [-80.35802, 43.45521], [-80.35825, 43.4551], [-80.3585, 43.455], [-80.35875, 43.45491], [-80.359, 43.45482], [-80.35925, 43.45474], [-80.35951, 43.45466], [-80.35966, 43.45463], [-80.36094, 43.45428], [-80.36223, 43.45394], [-80.36351, 43.4536], [-80.3648, 43.45325], [-80.36651, 43.45277], [-80.36788, 43.45239], [-80.36924, 43.452], [-80.37061, 43.45162], [-80.37197, 43.45123], [-80.37211, 43.45119], [-80.37236, 43.45111], [-80.37261, 43.45102], [-80.37285, 43.45092], [-80.37309, 43.45082], [-80.37332, 43.45071], [-80.37355, 43.4506], [-80.37377, 43.45048], [-80.37398, 43.45035], [-80.37419, 43.45022], [-80.37439, 43.45008], [-80.37459, 43.44994], [-80.37477, 43.44979], [-80.37481, 43.44976], [-80.37593, 43.44883], [-80.37705, 43.44791], [-80.37721, 43.44778], [-80.3774, 43.44763], [-80.37759, 43.44749], [-80.37779, 43.44736], [-80.378, 43.44723], [-80.37821, 43.4471], [-80.37843, 43.44698], [-80.37866, 43.44687], [-80.37889, 43.44676], [-80.37913, 43.44666], [-80.37937, 43.44657], [-80.37961, 43.44648], [-80.37984, 43.44641], [-80.38098, 43.44601], [-80.38211, 43.4456], [-80.38324, 43.4452], [-80.38438, 43.4448], [-80.38551, 43.4444], [-80.38665, 43.44399], [-80.38778, 43.44359], [-80.38838, 43.44449], [-80.38898, 43.44539], [-80.38958, 43.4463], [-80.39018, 43.4472], [-80.39034, 43.44755], [-80.3904, 43.4477], [-80.39044, 43.44785], [-80.39047, 43.44801], [-80.3905, 43.44816], [-80.39051, 43.44832], [-80.39051, 43.44847], [-80.3905, 43.44885], [-80.39171, 43.4499], [-80.392, 43.45036], [-80.3927, 43.44886], [-80.39332, 43.44775], [-80.39462, 43.44684], [-80.39576, 43.44626], [-80.3969, 43.44567], [-80.39877, 43.44478], [-80.40056, 43.44405], [-80.40111, 43.44368], [-80.40168, 43.44333], [-80.40229, 43.4427], [-80.40304, 43.44196], [-80.40378, 43.44141], [-80.40483, 43.44079], [-80.40585, 43.44028], [-80.40637, 43.44007], [-80.40697, 43.43977], [-80.40761, 43.43942], [-80.40817, 43.43899], [-80.4088, 43.43853], [-80.40934, 43.43806], [-80.40973, 43.43763], [-80.41004, 43.43713], [-80.4102, 43.43672], [-80.41031, 43.43632], [-80.41034, 43.43591], [-80.4103, 43.4355], [-80.4101, 43.43491], [-80.40985, 43.43433], [-80.40965, 43.43394], [-80.40946, 43.4337], [-80.40888, 43.4331], [-80.40825, 43.43276], [-80.40747, 43.43237], [-80.4066, 43.43185], [-80.40587, 43.43138], [-80.40521, 43.43088], [-80.40465, 43.43041], [-80.40393, 43.42991], [-80.40337, 43.42955], [-80.40275, 43.42917], [-80.4025, 43.42878], [-80.40232, 43.42832], [-80.40219, 43.42788], [-80.40191, 43.42637], [-80.40212, 43.42533], [-80.40226, 43.42469], [-80.40272, 43.42405], [-80.40325, 43.42352], [-80.40395, 43.42302], [-80.40518, 43.42253], [-80.40628, 43.42224], [-80.4077, 43.42202], [-80.40886, 43.42179], [-80.40965, 43.42171], [-80.40951, 43.42143], [-80.40923, 43.42088], [-80.40917, 43.42077], [-80.40905, 43.4206], [-80.40892, 43.42043], [-80.40877, 43.42028], [-80.40863, 43.42015], [-80.40846, 43.42001], [-80.40829, 43.41988], [-80.40811, 43.41973], [-80.40701, 43.41888], [-80.40628, 43.41829], [-80.40504, 43.41731], [-80.40453, 43.4169], [-80.40428, 43.41672], [-80.40401, 43.41656], [-80.40372, 43.4164], [-80.40343, 43.41625], [-80.40315, 43.41614], [-80.40281, 43.41602], [-80.4025, 43.41593], [-80.40214, 43.41584], [-80.39983, 43.41536], [-80.39856, 43.41512], [-80.39728, 43.41487], [-80.396, 43.41463], [-80.39454, 43.41434], [-80.39309, 43.41405], [-80.39163, 43.41375], [-80.39094, 43.41363], [-80.38949, 43.41334], [-80.38804, 43.41305], [-80.38682, 43.4128], [-80.38561, 43.41256], [-80.3844, 43.41232], [-80.38319, 43.41208], [-80.38259, 43.41198], [-80.38203, 43.41067], [-80.38244, 43.41068], [-80.38173, 43.40887], [-80.38138, 43.40796], [-80.38099, 43.40692], [-80.38082, 43.40637], [-80.3806, 43.40588], [-80.38005, 43.40592], [-80.37955, 43.40463], [-80.37917, 43.40367], [-80.37879, 43.40271], [-80.37842, 43.40175], [-80.37941, 43.4012], [-80.38041, 43.40064], [-80.3814, 43.40009], [-80.38219, 43.39964], [-80.3826, 43.39942], [-80.38309, 43.39915], [-80.38478, 43.39822], [-80.38526, 43.39794], [-80.38552, 43.39782], [-80.38669, 43.39716], [-80.38786, 43.39651], [-80.38904, 43.39586], [-80.39018, 43.39523], [-80.39131, 43.3946], [-80.39245, 43.39397], [-80.39359, 43.39334], [-80.39473, 43.39271], [-80.39666, 43.39163], [-80.39768, 43.39106], [-80.39816, 43.39083], [-80.39974, 43.38989], [-80.40119, 43.38883], [-80.40249, 43.38767], [-80.40363, 43.38643], [-80.4046, 43.38512], [-80.4051, 43.3842], [-80.4056, 43.38329], [-80.4061, 43.38238], [-80.40676, 43.38123], [-80.40734, 43.38017], [-80.40791, 43.37911], [-80.40877, 43.37761], [-80.40886, 43.37746], [-80.40934, 43.37659], [-80.40983, 43.37571], [-80.41032, 43.37484], [-80.4108, 43.37396], [-80.41129, 43.37309], [-80.41178, 43.37222], [-80.41245, 43.371], [-80.41308, 43.36996]]]}, "properties": {"race": "cambridge-ward-1", "municipality": "cambridge", "ward": 1, "name": "Cambridge Ward 1"}}, {"type": "Feature", "geometry": {"type": "Polygon", "coordinates": [[[-80.28133, 43.41622], [-80.28173, 43.41723], [-80.28212, 43.41824], [-80.28244, 43.41911], [-80.28296, 43.42046], [-80.28319, 43.42104], [-80.28342, 43.42165], [-80.28353, 43.42193], [-80.28375, 43.42249], [-80.28379, 43.42259], [-80.28425, 43.42386], [-80.28481, 43.42528], [-80.28555, 43.42694], [-80.28583, 43.42758], [-80.28625, 43.4286], [-80.28667, 43.42962], [-80.28703, 43.4305], [-80.28738, 43.43138], [-80.28774, 43.43227], [-80.2881, 43.43315], [-80.28846, 43.43403], [-80.28882, 43.43491], [-80.28918, 43.43579], [-80.28953, 43.43667], [-80.2899, 43.43759], [-80.29027, 43.4385], [-80.29064, 43.43942], [-80.29101, 43.44034], [-80.29138, 43.44125], [-80.29175, 43.44217], [-80.29212, 43.44309], [-80.29259, 43.44419], [-80.29306, 43.44529], [-80.29347, 43.44622], [-80.29388, 43.44714], [-80.29452, 43.44855], [-80.29491, 43.44945], [-80.29531, 43.45035], [-80.29574, 43.4514], [-80.29622, 43.45251], [-80.29671, 43.45363], [-80.29719, 43.45474], [-80.2973, 43.45383], [-80.29741, 43.45292], [-80.29752, 43.45202], [-80.29752, 43.45201], [-80.29753, 43.45201], [-80.29753, 43.452], [-80.29754, 43.452], [-80.29754, 43.45199], [-80.29755, 43.45199], [-80.29755, 43.45199], [-80.29756, 43.45198], [-80.29756, 43.45198], [-80.29757, 43.45197], [-80.29758, 43.45197], [-80.29758, 43.45197], [-80.29759, 43.45196], [-80.2976, 43.45196], [-80.2976, 43.45196], [-80.29761, 43.45196], [-80.29762, 43.45195], [-80.29763, 43.45195], [-80.29763, 43.45195], [-80.29764, 43.45195], [-80.29765, 43.45195], [-80.29766, 43.45194], [-80.29766, 43.45194], [-80.29767, 43.45194], [-80.29768, 43.45194], [-80.29769, 43.45194], [-80.2977, 43.45194], [-80.2977, 43.45194], [-80.29771, 43.45194], [-80.29772, 43.45194], [-80.298, 43.45191], [-80.29801, 43.4519], [-80.29803, 43.4519], [-80.29805, 43.45189], [-80.29807, 43.45189], [-80.29809, 43.45188], [-80.29811, 43.45187], [-80.29813, 43.45186], [-80.29815, 43.45186], [-80.29816, 43.45185], [-80.29818, 43.45184], [-80.2982, 43.45183], [-80.29821, 43.45182], [-80.29823, 43.45181], [-80.29824, 43.4518], [-80.29826, 43.45179], [-80.29827, 43.45178], [-80.29829, 43.45177], [-80.2983, 43.45176], [-80.29831, 43.45174], [-80.29832, 43.45173], [-80.29834, 43.45172], [-80.29835, 43.45171], [-80.29836, 43.45169], [-80.29837, 43.45168], [-80.29837, 43.45167], [-80.29838, 43.45165], [-80.29839, 43.45164], [-80.2984, 43.45162], [-80.2984, 43.45161], [-80.29841, 43.45159], [-80.29841, 43.45158], [-80.29842, 43.45156], [-80.29842, 43.45155], [-80.29842, 43.45153], [-80.29843, 43.45152], [-80.29843, 43.4515], [-80.29843, 43.45149], [-80.29843, 43.45147], [-80.29843, 43.45146], [-80.29843, 43.45144], [-80.29842, 43.45143], [-80.29842, 43.45141], [-80.29842, 43.4514], [-80.29841, 43.45138], [-80.29841, 43.45137], [-80.29842, 43.45091], [-80.29843, 43.45089], [-80.29844, 43.45087], [-80.29844, 43.45085], [-80.29844, 43.45083], [-80.29844, 43.45081], [-80.29845, 43.4508], [-80.29845, 43.45078], [-80.29845, 43.45076], [-80.29844, 43.45074], [-80.29844, 43.45072], [-80.29844, 43.4507], [-80.29843, 43.45068], [-80.29843, 43.45066], [-80.29842, 43.45064], [-80.29842, 43.45062], [-80.29841, 43.45061], [-80.2984, 43.45059], [-80.29839, 43.45057], [-80.29838, 43.45055], [-80.29837, 43.45054], [-80.29836, 43.45052], [-80.29834, 43.4505], [-80.29833, 43.45049], [-80.29832, 43.45047], [-80.2983, 43.45045], [-80.29829, 43.45044], [-80.29827, 43.45042], [-80.29825, 43.45041], [-80.29823, 43.4504], [-80.29822, 43.45038], [-80.2982, 43.45037], [-80.29818, 43.45036], [-80.29816, 43.45034], [-80.29813, 43.45033], [-80.29811, 43.45032], [-80.29809, 43.45031], [-80.29807, 43.4503], [-80.29805, 43.45029], [-80.29755, 43.45014], [-80.29753, 43.45014], [-80.29752, 43.45014], [-80.29751, 43.45014], [-80.29749, 43.45013], [-80.29748, 43.45013], [-80.29747, 43.45012], [-80.29746, 43.45012], [-80.29744, 43.45011], [-80.29743, 43.45011], [-80.29742, 43.4501], [-80.29741, 43.4501], [-80.2974, 43.45009], [-80.29739, 43.45008], [-80.29738, 43.45008], [-80.29737, 43.45007], [-80.29736, 43.45006], [-80.29735, 43.45006], [-80.29734, 43.45005], [-80.29733, 43.45004], [-80.29732, 43.45003], [-80.29731, 43.45002], [-80.29731, 43.45002], [-80.2973, 43.45001], [-80.29729, 43.45], [-80.29729, 43.44999], [-80.29728, 43.44998], [-80.29727, 43.44997], [-80.29727, 43.44996], [-80.29727, 43.44995], [-80.29726, 43.44994], [-80.29726, 43.44993], [-80.29725, 43.44992], [-80.29725, 43.44991], [-80.29725, 43.4499], [-80.29725, 43.44989], [-80.29725, 43.44988], [-80.29725, 43.44987], [-80.29725, 43.44986], [-80.29725, 43.44985], [-80.29725, 43.44984], [-80.29725, 43.44983], [-80.29725, 43.44982], [-80.29725, 43.44981], [-80.29725, 43.4498], [-80.29726, 43.44979], [-80.29726, 43.44978], [-80.29726, 43.44977], [-80.29727, 43.44976], [-80.29727, 43.44975], [-80.29728, 43.44975], [-80.29729, 43.44974], [-80.29729, 43.44973], [-80.2973, 43.44972], [-80.2973, 43.44971], [-80.29731, 43.4497], [-80.29732, 43.44969], [-80.29733, 43.44968], [-80.29734, 43.44968], [-80.29816, 43.44894], [-80.29821, 43.4489], [-80.29828, 43.44884], [-80.29835, 43.44878], [-80.29841, 43.44872], [-80.29848, 43.44865], [-80.29853, 43.44859], [-80.29859, 43.44852], [-80.29864, 43.44845], [-80.29869, 43.44838], [-80.29874, 43.44831], [-80.29878, 43.44824], [-80.29882, 43.44816], [-80.29886, 43.44809], [-80.29889, 43.44801], [-80.29892, 43.44794], [-80.29894, 43.44786], [-80.29895, 43.44784], [-80.29897, 43.44776], [-80.29899, 43.44768], [-80.29901, 43.4476], [-80.29902, 43.44752], [-80.29902, 43.44745], [-80.29903, 43.44737], [-80.29903, 43.44729], [-80.29902, 43.44721], [-80.29902, 43.44713], [-80.29901, 43.44705], [-80.29899, 43.44697], [-80.29898, 43.4469], [-80.29895, 43.44682], [-80.29893, 43.44674], [-80.2989, 43.44667], [-80.29889, 43.44664], [-80.29859, 43.44558], [-80.29859, 43.44549], [-80.29859, 43.44544], [-80.29859, 43.4454], [-80.29859, 43.44535], [-80.2986, 43.4453], [-80.29861, 43.44525], [-80.29862, 43.4452], [-80.29863, 43.44516], [-80.29864, 43.44511], [-80.29866, 43.44506], [-80.29868, 43.44501], [-80.2987, 43.44497], [-80.29873, 43.44492], [-80.29875, 43.44488], [-80.29878, 43.44483], [-80.29881, 43.44479], [-80.29885, 43.44475], [-80.29888, 43.44471], [-80.29892, 43.44467], [-80.29895, 43.44463], [-80.29899, 43.44459], [-80.29904, 43.44455], [-80.29908, 43.44451], [-80.29913, 43.44448], [-80.29917, 43.44444], [-80.29924, 43.44439], [-80.30027, 43.44342], [-80.30097, 43.44265], [-80.30168, 43.44188], [-80.30238, 43.44111], [-80.30309, 43.44034], [-80.30379, 43.43957], [-80.3045, 43.4388], [-80.3052, 43.43803], [-80.30591, 43.43726], [-80.30661, 43.43649], [-80.30732, 43.43572], [-80.30802, 43.43495], [-80.30873, 43.43418], [-80.30943, 43.43341], [-80.31063, 43.43279], [-80.31183, 43.43217], [-80.31329, 43.43127], [-80.31472, 43.43056], [-80.31589, 43.43008], [-80.31706, 43.4296], [-80.31823, 43.42913], [-80.31941, 43.42865], [-80.32058, 43.42817], [-80.32175, 43.42769], [-80.32292, 43.42721], [-80.32416, 43.42686], [-80.3254, 43.4265], [-80.32645, 43.42592], [-80.3275, 43.42534], [-80.32855, 43.42476], [-80.33003, 43.4239], [-80.33005, 43.4239], [-80.33019, 43.42383], [-80.33033, 43.42376], [-80.33047, 43.42369], [-80.33061, 43.42362], [-80.33074, 43.42354], [-80.33087, 43.42346], [-80.331, 43.42337], [-80.33112, 43.42328], [-80.33124, 43.42319], [-80.33124, 43.42319], [-80.33119, 43.42307], [-80.33109, 43.42289], [-80.33098, 43.42271], [-80.33092, 43.42262], [-80.33074, 43.42239], [-80.33052, 43.4221], [-80.33028, 43.42182], [-80.33004, 43.42155], [-80.32979, 43.42127], [-80.32899, 43.4204], [-80.32883, 43.42019], [-80.32872, 43.42002], [-80.32858, 43.41981], [-80.32838, 43.41949], [-80.32829, 43.41934], [-80.32822, 43.4192], [-80.32814, 43.41901], [-80.32807, 43.41882], [-80.32801, 43.41862], [-80.32797, 43.41845], [-80.32794, 43.41835], [-80.32789, 43.41807], [-80.32787, 43.41788], [-80.32786, 43.41769], [-80.32786, 43.41767], [-80.32785, 43.41745], [-80.32788, 43.4165], [-80.3279, 43.41556], [-80.32794, 43.41418], [-80.32797, 43.41354], [-80.32799, 43.41293], [-80.328, 43.41284], [-80.32806, 43.41241], [-80.32812, 43.41198], [-80.32813, 43.41193], [-80.32838, 43.41063], [-80.3284, 43.41046], [-80.32842, 43.41022], [-80.32842, 43.40998], [-80.32842, 43.40974], [-80.32841, 43.4095], [-80.32839, 43.40926], [-80.32836, 43.40902], [-80.32831, 43.40878], [-80.32826, 43.40855], [-80.3282, 43.40831], [-80.32813, 43.40808], [-80.32811, 43.40803], [-80.32659, 43.40829], [-80.32507, 43.40855], [-80.32372, 43.40879], [-80.32238, 43.40903], [-80.3209, 43.4093], [-80.31942, 43.40956], [-80.31794, 43.40983], [-80.31646, 43.41009], [-80.31496, 43.41037], [-80.31372, 43.4106], [-80.31247, 43.41083], [-80.31122, 43.41107], [-80.30997, 43.4113], [-80.30849, 43.41156], [-80.30723, 43.41177], [-80.30598, 43.41199], [-80.30474, 43.41219], [-80.3035, 43.41238], [-80.30226, 43.41258], [-80.3009, 43.41281], [-80.29953, 43.41304], [-80.29817, 43.41327], [-80.29681, 43.4135], [-80.29461, 43.41388], [-80.2934, 43.41409], [-80.2922, 43.4143], [-80.29099, 43.41451], [-80.28978, 43.41473], [-80.28857, 43.41494], [-80.28737, 43.41515], [-80.28616, 43.41537], [-80.28495, 43.41558], [-80.28375, 43.41579], [-80.28254, 43.41601], [-80.28133, 43.41622]]]}, "properties": {"race": "cambridge-ward-2", "municipality": "cambridge", "ward": 2, "name": "Cambridge Ward 2"}}, {"type": "Feature", "geometry": {"type": "Polygon", "coordinates": [[[-80.34633, 43.386], [-80.34605, 43.38693], [-80.34615, 43.38835], [-80.34531, 43.38922], [-80.34391, 43.38853], [-80.34286, 43.388], [-80.34181, 43.38748], [-80.34184, 43.38755], [-80.34193, 43.38779], [-80.34201, 43.38802], [-80.34206, 43.38818], [-80.34186, 43.38819], [-80.34177, 43.38816], [-80.34166, 43.38811], [-80.34151, 43.38804], [-80.34019, 43.38733], [-80.34012, 43.3873], [-80.34005, 43.38729], [-80.33997, 43.38727], [-80.3399, 43.38727], [-80.33982, 43.38727], [-80.33974, 43.38728], [-80.33969, 43.3873], [-80.33798, 43.3876], [-80.33561, 43.38802], [-80.3345, 43.38821], [-80.33338, 43.38841], [-80.33192, 43.38867], [-80.33045, 43.38892], [-80.32956, 43.38908], [-80.32946, 43.3891], [-80.32932, 43.38915], [-80.32919, 43.38919], [-80.32912, 43.38922], [-80.32886, 43.38932], [-80.32849, 43.38945], [-80.32835, 43.38951], [-80.32813, 43.38959], [-80.3279, 43.38966], [-80.32783, 43.38969], [-80.32771, 43.38972], [-80.32741, 43.38979], [-80.32711, 43.38986], [-80.3268, 43.38992], [-80.32666, 43.38995], [-80.32616, 43.39003], [-80.32496, 43.39025], [-80.32375, 43.39046], [-80.32255, 43.39067], [-80.32283, 43.39159], [-80.32311, 43.39251], [-80.3234, 43.39344], [-80.32369, 43.39437], [-80.32397, 43.3953], [-80.32427, 43.39622], [-80.32457, 43.39713], [-80.32486, 43.39805], [-80.32516, 43.39896], [-80.32545, 43.39988], [-80.32575, 43.40079], [-80.32604, 43.40171], [-80.32628, 43.40167], [-80.32635, 43.40165], [-80.32661, 43.4016], [-80.32688, 43.40154], [-80.327, 43.4015], [-80.32706, 43.40149], [-80.32719, 43.40144], [-80.32732, 43.4014], [-80.32736, 43.40138], [-80.32787, 43.40113], [-80.32793, 43.4011], [-80.32805, 43.40104], [-80.32817, 43.40099], [-80.32829, 43.40094], [-80.32842, 43.4009], [-80.32855, 43.40087], [-80.32869, 43.40084], [-80.3299, 43.40063], [-80.3311, 43.40042], [-80.3324, 43.4002], [-80.33369, 43.39997], [-80.33499, 43.39974], [-80.33628, 43.39952], [-80.33795, 43.39922], [-80.33845, 43.39914], [-80.33892, 43.39905], [-80.34052, 43.39878], [-80.34209, 43.3985], [-80.34367, 43.39822], [-80.34524, 43.39794], [-80.34543, 43.39847], [-80.34596, 43.40012], [-80.34608, 43.40052], [-80.34618, 43.40085], [-80.34671, 43.40252], [-80.34707, 43.40363], [-80.34743, 43.40474], [-80.34802, 43.40465], [-80.34895, 43.40451], [-80.34988, 43.40435], [-80.35081, 43.4042], [-80.35139, 43.40411], [-80.35173, 43.40405], [-80.35266, 43.40389], [-80.35305, 43.40383], [-80.35357, 43.40374], [-80.35451, 43.40359], [-80.35556, 43.40341], [-80.35604, 43.40333], [-80.3566, 43.40323], [-80.35671, 43.40321], [-80.35682, 43.40319], [-80.35697, 43.40315], [-80.35712, 43.40311], [-80.35728, 43.40306], [-80.35867, 43.40249], [-80.35874, 43.40246], [-80.3589, 43.40239], [-80.35904, 43.40232], [-80.35918, 43.40225], [-80.35931, 43.40217], [-80.35942, 43.4021], [-80.36093, 43.40095], [-80.36096, 43.40093], [-80.36113, 43.4008], [-80.3613, 43.40067], [-80.36147, 43.40053], [-80.36162, 43.40039], [-80.36177, 43.40024], [-80.36178, 43.40023], [-80.36261, 43.39937], [-80.36344, 43.39851], [-80.36457, 43.39914], [-80.36587, 43.39986], [-80.36703, 43.39926], [-80.36819, 43.39866], [-80.36934, 43.39806], [-80.36991, 43.39761], [-80.37037, 43.39705], [-80.37078, 43.39671], [-80.3712, 43.39637], [-80.37164, 43.39605], [-80.37169, 43.396], [-80.37176, 43.39595], [-80.37182, 43.3959], [-80.37188, 43.39584], [-80.37193, 43.39579], [-80.37199, 43.39573], [-80.37204, 43.39567], [-80.37208, 43.39562], [-80.37213, 43.39556], [-80.37217, 43.39549], [-80.37221, 43.39543], [-80.37225, 43.39537], [-80.37228, 43.3953], [-80.37231, 43.39524], [-80.37234, 43.39517], [-80.37236, 43.39511], [-80.37239, 43.39504], [-80.3724, 43.39497], [-80.37242, 43.39491], [-80.37243, 43.39484], [-80.37244, 43.39477], [-80.37245, 43.3947], [-80.37245, 43.39463], [-80.37243, 43.3946], [-80.37241, 43.39457], [-80.37238, 43.39454], [-80.37236, 43.39451], [-80.37233, 43.39449], [-80.37231, 43.39446], [-80.37228, 43.39443], [-80.37225, 43.39441], [-80.37222, 43.39438], [-80.37219, 43.39436], [-80.37215, 43.39433], [-80.37212, 43.39431], [-80.37208, 43.39429], [-80.37205, 43.39427], [-80.37201, 43.39425], [-80.37197, 43.39423], [-80.37193, 43.39421], [-80.37189, 43.39419], [-80.37185, 43.39418], [-80.37181, 43.39416], [-80.37177, 43.39415], [-80.37172, 43.39414], [-80.37168, 43.39412], [-80.37164, 43.39411], [-80.37159, 43.3941], [-80.37155, 43.3941], [-80.37146, 43.39408], [-80.37099, 43.394], [-80.37097, 43.394], [-80.37095, 43.39399], [-80.37093, 43.39399], [-80.37091, 43.39398], [-80.37089, 43.39397], [-80.37088, 43.39396], [-80.37086, 43.39395], [-80.37084, 43.39395], [-80.37082, 43.39394], [-80.3708, 43.39393], [-80.37079, 43.39392], [-80.37077, 43.39391], [-80.37076, 43.3939], [-80.37074, 43.39388], [-80.37073, 43.39387], [-80.37071, 43.39386], [-80.3707, 43.39385], [-80.37069, 43.39383], [-80.37067, 43.39382], [-80.37066, 43.39381], [-80.37065, 43.39379], [-80.37064, 43.39378], [-80.37063, 43.39377], [-80.37062, 43.39375], [-80.37061, 43.39374], [-80.3706, 43.39372], [-80.3706, 43.39371], [-80.37059, 43.39369], [-80.37059, 43.39368], [-80.37058, 43.39366], [-80.37058, 43.39365], [-80.37057, 43.39363], [-80.37057, 43.39361], [-80.37057, 43.3936], [-80.37057, 43.39358], [-80.37057, 43.39357], [-80.37057, 43.39355], [-80.37057, 43.39353], [-80.37057, 43.39352], [-80.37057, 43.3935], [-80.37058, 43.39349], [-80.37058, 43.39347], [-80.3706, 43.39342], [-80.37062, 43.39337], [-80.37064, 43.39332], [-80.37066, 43.39327], [-80.37068, 43.39322], [-80.37071, 43.39317], [-80.37074, 43.39313], [-80.37077, 43.39308], [-80.37081, 43.39303], [-80.37084, 43.39299], [-80.37088, 43.39295], [-80.37092, 43.3929], [-80.37095, 43.39288], [-80.37097, 43.39285], [-80.37099, 43.39283], [-80.37101, 43.3928], [-80.37103, 43.39278], [-80.37104, 43.39275], [-80.37106, 43.39272], [-80.37107, 43.39269], [-80.37109, 43.39267], [-80.3711, 43.39264], [-80.37111, 43.39261], [-80.37112, 43.39258], [-80.37113, 43.39255], [-80.37113, 43.39252], [-80.37114, 43.39249], [-80.37114, 43.39246], [-80.37114, 43.39243], [-80.37115, 43.3924], [-80.37115, 43.39237], [-80.37114, 43.39234], [-80.37114, 43.39232], [-80.37101, 43.39212], [-80.3707, 43.39176], [-80.37062, 43.39152], [-80.37053, 43.39127], [-80.37042, 43.39103], [-80.37031, 43.39079], [-80.37018, 43.39055], [-80.37005, 43.39032], [-80.3699, 43.39009], [-80.36974, 43.38986], [-80.36974, 43.38986], [-80.36873, 43.38885], [-80.36869, 43.38881], [-80.36866, 43.38877], [-80.36862, 43.38874], [-80.36859, 43.3887], [-80.36855, 43.38867], [-80.36851, 43.38864], [-80.36846, 43.3886], [-80.36842, 43.38857], [-80.36838, 43.38854], [-80.36833, 43.38851], [-80.36828, 43.38849], [-80.36823, 43.38846], [-80.36818, 43.38843], [-80.36813, 43.38841], [-80.36808, 43.38839], [-80.36803, 43.38836], [-80.36797, 43.38834], [-80.36792, 43.38832], [-80.36788, 43.38831], [-80.36784, 43.3883], [-80.3678, 43.38828], [-80.36777, 43.38827], [-80.36773, 43.38825], [-80.3677, 43.38823], [-80.36767, 43.38821], [-80.36763, 43.38819], [-80.3676, 43.38817], [-80.36757, 43.38815], [-80.36754, 43.38813], [-80.36751, 43.38811], [-80.36749, 43.38808], [-80.36746, 43.38806], [-80.36743, 43.38804], [-80.36741, 43.38801], [-80.36739, 43.38799], [-80.36737, 43.38796], [-80.36735, 43.38793], [-80.36733, 43.3879], [-80.36731, 43.38788], [-80.36729, 43.38785], [-80.36728, 43.38782], [-80.36704, 43.38745], [-80.36699, 43.38732], [-80.36699, 43.38725], [-80.36696, 43.38715], [-80.36695, 43.38681], [-80.36702, 43.38642], [-80.36591, 43.38602], [-80.36476, 43.38545], [-80.36262, 43.38482], [-80.36033, 43.38451], [-80.35875, 43.38451], [-80.35718, 43.38452], [-80.35529, 43.3847], [-80.35341, 43.38512], [-80.35164, 43.38558], [-80.35137, 43.38565], [-80.34955, 43.38596], [-80.34796, 43.38617], [-80.34633, 43.386]]]}, "properties": {"race": "cambridge-ward-3", "municipality": "cambridge", "ward": 3, "name": "Cambridge Ward 3"}}, {"type": "Feature", "geometry": {"type": "Polygon", "coordinates": [[[-80.34129, 43.38282], [-80.34106, 43.38154], [-80.34099, 43.38041], [-80.34063, 43.37933], [-80.34029, 43.37856], [-80.33989, 43.37801], [-80.33916, 43.37722], [-80.33885, 43.377], [-80.33824, 43.37667], [-80.33758, 43.3764], [-80.33701, 43.37625], [-80.33701, 43.37625], [-80.33639, 43.37617], [-80.33576, 43.37609], [-80.33513, 43.37602], [-80.3345, 43.37596], [-80.33387, 43.37592], [-80.33323, 43.37588], [-80.3326, 43.37585], [-80.33196, 43.37583], [-80.33133, 43.37582], [-80.33069, 43.37582], [-80.33006, 43.37583], [-80.32942, 43.37585], [-80.32879, 43.37588], [-80.32815, 43.37592], [-80.32812, 43.37593], [-80.32811, 43.37593], [-80.32794, 43.37594], [-80.32777, 43.37594], [-80.3276, 43.37594], [-80.32742, 43.37594], [-80.32725, 43.37593], [-80.32708, 43.37592], [-80.32691, 43.3759], [-80.32674, 43.37588], [-80.32673, 43.37588], [-80.32656, 43.37586], [-80.32639, 43.37583], [-80.32623, 43.3758], [-80.32606, 43.37576], [-80.3259, 43.37572], [-80.32574, 43.37567], [-80.32558, 43.37562], [-80.32542, 43.37557], [-80.32541, 43.37557], [-80.32526, 43.37551], [-80.32511, 43.37545], [-80.32496, 43.37539], [-80.32482, 43.37532], [-80.32467, 43.37525], [-80.32454, 43.37517], [-80.3244, 43.3751], [-80.32427, 43.37501], [-80.32426, 43.37501], [-80.32413, 43.37493], [-80.32401, 43.37484], [-80.32389, 43.37475], [-80.32378, 43.37465], [-80.32367, 43.37456], [-80.32356, 43.37446], [-80.32346, 43.37436], [-80.32336, 43.37425], [-80.32336, 43.37425], [-80.32321, 43.37405], [-80.32308, 43.37384], [-80.32295, 43.37363], [-80.32284, 43.37342], [-80.32273, 43.37321], [-80.32263, 43.37299], [-80.32253, 43.37277], [-80.32245, 43.37255], [-80.32238, 43.37233], [-80.32231, 43.37211], [-80.32225, 43.37188], [-80.32221, 43.37166], [-80.32217, 43.37143], [-80.32214, 43.3712], [-80.32212, 43.37098], [-80.32211, 43.37075], [-80.32211, 43.37069], [-80.32211, 43.37064], [-80.3221, 43.37056], [-80.32209, 43.37047], [-80.32208, 43.37039], [-80.32206, 43.3703], [-80.32204, 43.37022], [-80.32201, 43.37014], [-80.32199, 43.37005], [-80.32195, 43.36997], [-80.32192, 43.36989], [-80.32188, 43.36981], [-80.32183, 43.36973], [-80.32178, 43.36965], [-80.32173, 43.36958], [-80.32168, 43.3695], [-80.32162, 43.36943], [-80.32156, 43.36935], [-80.32149, 43.36928], [-80.32142, 43.36921], [-80.32007, 43.36779], [-80.31878, 43.36634], [-80.31754, 43.36486], [-80.31754, 43.36486], [-80.31732, 43.36441], [-80.31711, 43.36396], [-80.31692, 43.36351], [-80.31675, 43.36305], [-80.31659, 43.36259], [-80.31645, 43.36213], [-80.31632, 43.36166], [-80.31622, 43.36119], [-80.31612, 43.36072], [-80.31605, 43.36025], [-80.31599, 43.35978], [-80.31595, 43.3593], [-80.31595, 43.3593], [-80.31593, 43.35895], [-80.31593, 43.35859], [-80.31594, 43.35824], [-80.31597, 43.35788], [-80.31601, 43.35753], [-80.31607, 43.35718], [-80.31614, 43.35683], [-80.31623, 43.35648], [-80.31633, 43.35613], [-80.31633, 43.35612], [-80.31634, 43.35611], [-80.31637, 43.35597], [-80.3164, 43.35582], [-80.31643, 43.35568], [-80.31645, 43.35553], [-80.31646, 43.35538], [-80.31646, 43.35524], [-80.31646, 43.35509], [-80.31645, 43.35494], [-80.31643, 43.3548], [-80.31642, 43.3534], [-80.31612, 43.35341], [-80.31557, 43.35345], [-80.31528, 43.35348], [-80.31483, 43.35354], [-80.31479, 43.35355], [-80.3143, 43.35362], [-80.31422, 43.35363], [-80.31378, 43.35371], [-80.31332, 43.35379], [-80.31321, 43.35381], [-80.31185, 43.35404], [-80.31048, 43.35427], [-80.30912, 43.35449], [-80.30841, 43.35461], [-80.30733, 43.35479], [-80.30549, 43.3551], [-80.30495, 43.35519], [-80.30433, 43.3553], [-80.30325, 43.35547], [-80.30223, 43.35566], [-80.30119, 43.35583], [-80.30023, 43.35599], [-80.29948, 43.35613], [-80.29905, 43.3562], [-80.29779, 43.35642], [-80.29654, 43.35663], [-80.29689, 43.35755], [-80.29725, 43.35847], [-80.29747, 43.35901], [-80.29759, 43.35928], [-80.29797, 43.36026], [-80.29835, 43.36124], [-80.29874, 43.36222], [-80.29913, 43.36319], [-80.29948, 43.36406], [-80.29993, 43.36518], [-80.30033, 43.36617], [-80.30068, 43.36705], [-80.30104, 43.36793], [-80.30106, 43.36802], [-80.30124, 43.3684], [-80.30124, 43.36851], [-80.3017, 43.36971], [-80.30175, 43.36986], [-80.30182, 43.37004], [-80.3019, 43.37022], [-80.30196, 43.37034], [-80.3021, 43.37065], [-80.30277, 43.37234], [-80.30331, 43.37374], [-80.3036, 43.37449], [-80.30365, 43.37459], [-80.30371, 43.37466], [-80.30377, 43.37474], [-80.30384, 43.37481], [-80.30391, 43.37487], [-80.304, 43.37493], [-80.30499, 43.37558], [-80.30507, 43.37565], [-80.30514, 43.37571], [-80.3052, 43.37578], [-80.30526, 43.37585], [-80.3053, 43.37593], [-80.30578, 43.37715], [-80.30617, 43.37816], [-80.30657, 43.37916], [-80.30702, 43.38051], [-80.30733, 43.3815], [-80.30736, 43.38156], [-80.30741, 43.38166], [-80.30747, 43.38176], [-80.30754, 43.38185], [-80.30762, 43.38194], [-80.30771, 43.38202], [-80.3078, 43.3821], [-80.3079, 43.38218], [-80.30801, 43.38225], [-80.30813, 43.38231], [-80.30825, 43.38237], [-80.30837, 43.38242], [-80.3085, 43.38247], [-80.30864, 43.38251], [-80.30869, 43.38252], [-80.31023, 43.38282], [-80.31043, 43.38286], [-80.31063, 43.3829], [-80.31078, 43.38294], [-80.31083, 43.38296], [-80.31097, 43.383], [-80.31112, 43.38307], [-80.31123, 43.38312], [-80.31136, 43.38318], [-80.31148, 43.38326], [-80.31159, 43.38333], [-80.31169, 43.38342], [-80.31178, 43.38349], [-80.31185, 43.38356], [-80.31194, 43.38366], [-80.31202, 43.38377], [-80.3121, 43.38388], [-80.31216, 43.38399], [-80.31222, 43.38411], [-80.31227, 43.38423], [-80.31228, 43.38425], [-80.31232, 43.38439], [-80.31238, 43.38449], [-80.31245, 43.38461], [-80.31253, 43.38472], [-80.31262, 43.38482], [-80.31272, 43.38493], [-80.31282, 43.38502], [-80.31283, 43.38503], [-80.31312, 43.38532], [-80.31315, 43.38535], [-80.31324, 43.38544], [-80.31331, 43.38553], [-80.31338, 43.38563], [-80.31343, 43.38573], [-80.31348, 43.38584], [-80.31352, 43.38594], [-80.31355, 43.38605], [-80.31357, 43.38616], [-80.31357, 43.38627], [-80.31357, 43.38637], [-80.31356, 43.38654], [-80.3135, 43.38676], [-80.31346, 43.38685], [-80.31338, 43.387], [-80.31335, 43.38706], [-80.3133, 43.38713], [-80.31309, 43.38742], [-80.31296, 43.38762], [-80.31291, 43.38769], [-80.31276, 43.38788], [-80.3126, 43.38807], [-80.31244, 43.38825], [-80.31243, 43.38826], [-80.31226, 43.38844], [-80.31209, 43.3886], [-80.31207, 43.38862], [-80.31188, 43.38879], [-80.31182, 43.38885], [-80.31168, 43.38896], [-80.31262, 43.39002], [-80.31313, 43.39029], [-80.31325, 43.39036], [-80.31334, 43.39043], [-80.31343, 43.3905], [-80.31351, 43.39058], [-80.3136, 43.39069], [-80.31429, 43.39147], [-80.31606, 43.39095], [-80.31614, 43.39093], [-80.31631, 43.3909], [-80.31649, 43.39088], [-80.31668, 43.39086], [-80.31686, 43.39085], [-80.31704, 43.39085], [-80.31723, 43.39085], [-80.31728, 43.39086], [-80.31837, 43.39096], [-80.31938, 43.39105], [-80.31945, 43.39105], [-80.31963, 43.39106], [-80.31982, 43.39107], [-80.32, 43.39106], [-80.32018, 43.39105], [-80.32036, 43.39103], [-80.32054, 43.39101], [-80.32068, 43.39098], [-80.32255, 43.39067], [-80.32375, 43.39046], [-80.32496, 43.39025], [-80.32616, 43.39003], [-80.32666, 43.38995], [-80.3268, 43.38992], [-80.32711, 43.38986], [-80.32741, 43.38979], [-80.32771, 43.38972], [-80.32783, 43.38969], [-80.3279, 43.38966], [-80.32813, 43.38959], [-80.32835, 43.38951], [-80.32849, 43.38945], [-80.32886, 43.38932], [-80.32912, 43.38922], [-80.32919, 43.38919], [-80.32932, 43.38915], [-80.32946, 43.3891], [-80.32956, 43.38908], [-80.33045, 43.38892], [-80.33192, 43.38867], [-80.33338, 43.38841], [-80.3345, 43.38821], [-80.33561, 43.38802], [-80.33798, 43.3876], [-80.33969, 43.3873], [-80.33974, 43.38728], [-80.33982, 43.38727], [-80.3399, 43.38727], [-80.33997, 43.38727], [-80.34005, 43.38729], [-80.34012, 43.3873], [-80.34019, 43.38733], [-80.34151, 43.38804], [-80.34166, 43.38811], [-80.34177, 43.38816], [-80.34186, 43.38819], [-80.34206, 43.38818], [-80.34201, 43.38802], [-80.34193, 43.38779], [-80.34184, 43.38755], [-80.34181, 43.38748], [-80.34286, 43.388], [-80.34391, 43.38853], [-80.34531, 43.38922], [-80.34615, 43.38835], [-80.34605, 43.38693], [-80.34633, 43.386], [-80.34503, 43.38578], [-80.34408, 43.38539], [-80.34319, 43.38487], [-80.3422, 43.38417], [-80.34129, 43.38282]]]}, "properties": {"race": "cambridge-ward-4", "municipality": "cambridge", "ward": 4, "name": "Cambridge Ward 4"}}, {"type": "Feature", "geometry": {"type": "Polygon", "coordinates": [[[-80.34974, 43.35751], [-80.34887, 43.35523], [-80.34846, 43.35422], [-80.34805, 43.35321], [-80.34765, 43.35219], [-80.34616, 43.35246], [-80.34504, 43.35266], [-80.34325, 43.35299], [-80.34234, 43.35314], [-80.34231, 43.35274], [-80.34221, 43.35221], [-80.34207, 43.35131], [-80.34194, 43.35041], [-80.3418, 43.34951], [-80.34175, 43.34932], [-80.34171, 43.34917], [-80.34199, 43.34914], [-80.34307, 43.34897], [-80.34301, 43.34873], [-80.34299, 43.34864], [-80.34291, 43.34827], [-80.34284, 43.34801], [-80.34276, 43.34769], [-80.34265, 43.3472], [-80.34255, 43.3468], [-80.34238, 43.34609], [-80.34223, 43.34552], [-80.34211, 43.34514], [-80.34183, 43.34417], [-80.34158, 43.34327], [-80.34134, 43.34237], [-80.34131, 43.34228], [-80.34127, 43.34214], [-80.34116, 43.3418], [-80.34117, 43.34179], [-80.34117, 43.34179], [-80.34165, 43.34172], [-80.34023, 43.33831], [-80.33894, 43.338], [-80.33892, 43.33799], [-80.33883, 43.33795], [-80.33879, 43.33793], [-80.3387, 43.33791], [-80.33763, 43.33711], [-80.33752, 43.33703], [-80.33681, 43.33777], [-80.33671, 43.33786], [-80.33646, 43.33809], [-80.33633, 43.3382], [-80.33531, 43.33909], [-80.33517, 43.33922], [-80.33496, 43.33942], [-80.33475, 43.33963], [-80.33456, 43.33984], [-80.33437, 43.34005], [-80.33427, 43.34018], [-80.33385, 43.34069], [-80.33285, 43.34185], [-80.3326, 43.34216], [-80.33234, 43.34247], [-80.3321, 43.34279], [-80.33186, 43.34311], [-80.33175, 43.34326], [-80.3317, 43.34334], [-80.33155, 43.34358], [-80.33139, 43.34381], [-80.33122, 43.34404], [-80.33105, 43.34426], [-80.33093, 43.3444], [-80.33029, 43.34496], [-80.33017, 43.34506], [-80.33001, 43.3452], [-80.32986, 43.34535], [-80.32971, 43.3455], [-80.32957, 43.34566], [-80.32879, 43.34656], [-80.32828, 43.34714], [-80.32768, 43.34783], [-80.32653, 43.34916], [-80.32535, 43.35049], [-80.3245, 43.35147], [-80.32365, 43.35245], [-80.32307, 43.35254], [-80.32085, 43.35292], [-80.32053, 43.35297], [-80.31977, 43.3531], [-80.31863, 43.35329], [-80.31832, 43.35332], [-80.31796, 43.35334], [-80.31761, 43.35335], [-80.31747, 43.35336], [-80.31737, 43.35336], [-80.31675, 43.35338], [-80.31642, 43.3534], [-80.31643, 43.3548], [-80.31645, 43.35494], [-80.31646, 43.35509], [-80.31646, 43.35524], [-80.31646, 43.35538], [-80.31645, 43.35553], [-80.31643, 43.35568], [-80.3164, 43.35582], [-80.31637, 43.35597], [-80.31634, 43.35611], [-80.31633, 43.35612], [-80.31633, 43.35613], [-80.31623, 43.35648], [-80.31614, 43.35683], [-80.31607, 43.35718], [-80.31601, 43.35753], [-80.31597, 43.35788], [-80.31594, 43.35824], [-80.31593, 43.35859], [-80.31593, 43.35895], [-80.31595, 43.3593], [-80.31595, 43.3593], [-80.31599, 43.35978], [-80.31605, 43.36025], [-80.31612, 43.36072], [-80.31622, 43.36119], [-80.31632, 43.36166], [-80.31645, 43.36213], [-80.31659, 43.36259], [-80.31675, 43.36305], [-80.31692, 43.36351], [-80.31711, 43.36396], [-80.31732, 43.36441], [-80.31754, 43.36486], [-80.31754, 43.36486], [-80.31878, 43.36634], [-80.32007, 43.36779], [-80.32142, 43.36921], [-80.32149, 43.36928], [-80.32156, 43.36935], [-80.32162, 43.36943], [-80.32168, 43.3695], [-80.32173, 43.36958], [-80.32178, 43.36965], [-80.32183, 43.36973], [-80.32188, 43.36981], [-80.32192, 43.36989], [-80.32195, 43.36997], [-80.32199, 43.37005], [-80.32201, 43.37014], [-80.32204, 43.37022], [-80.32206, 43.3703], [-80.32208, 43.37039], [-80.32209, 43.37047], [-80.3221, 43.37056], [-80.32211, 43.37064], [-80.32211, 43.37069], [-80.32211, 43.37075], [-80.32212, 43.37098], [-80.32214, 43.3712], [-80.32217, 43.37143], [-80.32221, 43.37166], [-80.32225, 43.37188], [-80.32231, 43.37211], [-80.32238, 43.37233], [-80.32245, 43.37255], [-80.32253, 43.37277], [-80.32263, 43.37299], [-80.32273, 43.37321], [-80.32284, 43.37342], [-80.32295, 43.37363], [-80.32308, 43.37384], [-80.32321, 43.37405], [-80.32336, 43.37425], [-80.32336, 43.37425], [-80.32346, 43.37436], [-80.32356, 43.37446], [-80.32367, 43.37456], [-80.32378, 43.37465], [-80.32389, 43.37475], [-80.32401, 43.37484], [-80.32413, 43.37493], [-80.32426, 43.37501], [-80.32427, 43.37501], [-80.3244, 43.3751], [-80.32454, 43.37517], [-80.32467, 43.37525], [-80.32482, 43.37532], [-80.32496, 43.37539], [-80.32511, 43.37545], [-80.32526, 43.37551], [-80.32541, 43.37557], [-80.32542, 43.37557], [-80.32558, 43.37562], [-80.32574, 43.37567], [-80.3259, 43.37572], [-80.32606, 43.37576], [-80.32623, 43.3758], [-80.32639, 43.37583], [-80.32656, 43.37586], [-80.32673, 43.37588], [-80.32674, 43.37588], [-80.32691, 43.3759], [-80.32708, 43.37592], [-80.32725, 43.37593], [-80.32742, 43.37594], [-80.3276, 43.37594], [-80.32777, 43.37594], [-80.32794, 43.37594], [-80.32811, 43.37593], [-80.32812, 43.37593], [-80.32815, 43.37592], [-80.32879, 43.37588], [-80.32942, 43.37585], [-80.33006, 43.37583], [-80.33069, 43.37582], [-80.33133, 43.37582], [-80.33196, 43.37583], [-80.3326, 43.37585], [-80.33323, 43.37588], [-80.33387, 43.37592], [-80.3345, 43.37596], [-80.33513, 43.37602], [-80.33576, 43.37609], [-80.33639, 43.37617], [-80.33701, 43.37625], [-80.33701, 43.37625], [-80.33772, 43.37612], [-80.33855, 43.37598], [-80.33941, 43.37583], [-80.34053, 43.37562], [-80.3423, 43.37531], [-80.34275, 43.37522], [-80.34329, 43.37511], [-80.34453, 43.37488], [-80.34577, 43.37464], [-80.34701, 43.37441], [-80.34819, 43.37421], [-80.34965, 43.37395], [-80.34931, 43.37306], [-80.34885, 43.3719], [-80.34873, 43.3716], [-80.34845, 43.37089], [-80.34807, 43.36998], [-80.34798, 43.36978], [-80.34798, 43.36972], [-80.34796, 43.36953], [-80.34793, 43.36935], [-80.34789, 43.36917], [-80.34785, 43.36899], [-80.34781, 43.36881], [-80.34775, 43.36863], [-80.34769, 43.36845], [-80.34762, 43.36827], [-80.34567, 43.36343], [-80.3456, 43.36326], [-80.34399, 43.35922], [-80.34391, 43.35899], [-80.34476, 43.35909], [-80.34527, 43.35924], [-80.34504, 43.35867], [-80.34539, 43.35859], [-80.34974, 43.35751]]]}, "properties": {"race": "cambridge-ward-5", "municipality": "cambridge", "ward": 5, "name": "Cambridge Ward 5"}}, {"type": "Feature", "geometry": {"type": "Polygon", "coordinates": [[[-80.32167, 43.33258], [-80.32155, 43.33252], [-80.32036, 43.33268], [-80.31907, 43.33289], [-80.31788, 43.33318], [-80.3167, 43.33337], [-80.31495, 43.33366], [-80.3132, 43.33395], [-80.31147, 43.33427], [-80.30975, 43.33458], [-80.3086, 43.33479], [-80.30739, 43.335], [-80.30618, 43.33521], [-80.30497, 43.33542], [-80.30386, 43.3356], [-80.30325, 43.33571], [-80.30107, 43.33609], [-80.3006, 43.33617], [-80.29893, 43.33646], [-80.29718, 43.33675], [-80.29544, 43.33704], [-80.29349, 43.33734], [-80.29244, 43.33749], [-80.29171, 43.33763], [-80.29123, 43.33771], [-80.29062, 43.3378], [-80.29, 43.33787], [-80.28941, 43.33793], [-80.28913, 43.338], [-80.28929, 43.3384], [-80.28944, 43.3388], [-80.28977, 43.33962], [-80.29038, 43.34095], [-80.29046, 43.34118], [-80.29054, 43.34142], [-80.29057, 43.34152], [-80.29065, 43.34178], [-80.29075, 43.34209], [-80.29086, 43.3424], [-80.29098, 43.3427], [-80.29099, 43.34273], [-80.29101, 43.34275], [-80.29105, 43.3428], [-80.29107, 43.34286], [-80.29173, 43.34455], [-80.29211, 43.34552], [-80.29249, 43.34649], [-80.293, 43.34781], [-80.2903, 43.34834], [-80.29, 43.3484], [-80.28989, 43.34841], [-80.28973, 43.34843], [-80.28957, 43.34844], [-80.28941, 43.34844], [-80.28925, 43.34843], [-80.28914, 43.34842], [-80.28844, 43.34837], [-80.28839, 43.34914], [-80.28839, 43.34923], [-80.28841, 43.34936], [-80.28843, 43.34949], [-80.28846, 43.34962], [-80.28851, 43.34975], [-80.28856, 43.34988], [-80.28862, 43.35001], [-80.28869, 43.35013], [-80.28877, 43.35025], [-80.28886, 43.35037], [-80.289, 43.35053], [-80.28909, 43.35064], [-80.28917, 43.35076], [-80.28925, 43.35088], [-80.28932, 43.35101], [-80.28937, 43.35114], [-80.28942, 43.35127], [-80.28946, 43.3514], [-80.28949, 43.35153], [-80.28951, 43.35167], [-80.28951, 43.35185], [-80.28949, 43.352], [-80.28946, 43.35215], [-80.28943, 43.3523], [-80.28938, 43.35244], [-80.28933, 43.35259], [-80.28926, 43.35273], [-80.28918, 43.35287], [-80.28913, 43.35297], [-80.28899, 43.35319], [-80.28889, 43.35331], [-80.28878, 43.35343], [-80.28867, 43.35355], [-80.28843, 43.35377], [-80.28744, 43.35464], [-80.29205, 43.35741], [-80.29325, 43.35721], [-80.29387, 43.35709], [-80.29427, 43.35703], [-80.29532, 43.35684], [-80.29654, 43.35663], [-80.29779, 43.35642], [-80.29905, 43.3562], [-80.29948, 43.35613], [-80.30023, 43.35599], [-80.30119, 43.35583], [-80.30223, 43.35566], [-80.30325, 43.35547], [-80.30433, 43.3553], [-80.30495, 43.35519], [-80.30549, 43.3551], [-80.30733, 43.35479], [-80.30841, 43.35461], [-80.30912, 43.35449], [-80.31048, 43.35427], [-80.31185, 43.35404], [-80.31321, 43.35381], [-80.31332, 43.35379], [-80.31378, 43.35371], [-80.31422, 43.35363], [-80.3143, 43.35362], [-80.31479, 43.35355], [-80.31483, 43.35354], [-80.31528, 43.35348], [-80.31557, 43.35345], [-80.31612, 43.35341], [-80.31642, 43.3534], [-80.31675, 43.35338], [-80.31737, 43.35336], [-80.31747, 43.35336], [-80.31761, 43.35335], [-80.31796, 43.35334], [-80.31832, 43.35332], [-80.31863, 43.35329], [-80.31977, 43.3531], [-80.32053, 43.35297], [-80.32085, 43.35292], [-80.32307, 43.35254], [-80.32365, 43.35245], [-80.3245, 43.35147], [-80.32535, 43.35049], [-80.32653, 43.34916], [-80.32768, 43.34783], [-80.32828, 43.34714], [-80.32879, 43.34656], [-80.32957, 43.34566], [-80.32971, 43.3455], [-80.32986, 43.34535], [-80.33001, 43.3452], [-80.33017, 43.34506], [-80.33029, 43.34496], [-80.33093, 43.3444], [-80.33105, 43.34426], [-80.33122, 43.34404], [-80.33139, 43.34381], [-80.33155, 43.34358], [-80.3317, 43.34334], [-80.33175, 43.34326], [-80.33186, 43.34311], [-80.3321, 43.34279], [-80.33234, 43.34247], [-80.3326, 43.34216], [-80.33285, 43.34185], [-80.33385, 43.34069], [-80.33427, 43.34018], [-80.33437, 43.34005], [-80.33456, 43.33984], [-80.33475, 43.33963], [-80.33496, 43.33942], [-80.33517, 43.33922], [-80.33531, 43.33909], [-80.33633, 43.3382], [-80.33646, 43.33809], [-80.33671, 43.33786], [-80.33681, 43.33777], [-80.33752, 43.33703], [-80.33746, 43.33699], [-80.33636, 43.33617], [-80.33527, 43.33535], [-80.33517, 43.33528], [-80.33506, 43.3352], [-80.33445, 43.33474], [-80.33426, 43.33461], [-80.33407, 43.33449], [-80.3339, 43.3344], [-80.3336, 43.33425], [-80.33328, 43.33413], [-80.3331, 43.33406], [-80.33292, 43.33401], [-80.33171, 43.33367], [-80.3305, 43.33333], [-80.33031, 43.3333], [-80.3287, 43.33305], [-80.32817, 43.33299], [-80.3271, 43.33245], [-80.32565, 43.33236], [-80.32525, 43.33235], [-80.32484, 43.33234], [-80.32454, 43.33235], [-80.3242, 43.33235], [-80.32391, 43.33236], [-80.32361, 43.33238], [-80.32332, 43.3324], [-80.32304, 43.33242], [-80.32276, 43.33245], [-80.3225, 43.33247], [-80.32224, 43.3325], [-80.32189, 43.33255], [-80.32167, 43.33258]]]}, "properties": {"race": "cambridge-ward-6", "municipality": "cambridge", "ward": 6, "name": "Cambridge Ward 6"}}, {"type": "Feature", "geometry": {"type": "Polygon", "coordinates": [[[-80.25092, 43.34028], [-80.25124, 43.34076], [-80.25142, 43.34135], [-80.25197, 43.34268], [-80.25219, 43.34332], [-80.25258, 43.34427], [-80.25297, 43.34521], [-80.25336, 43.34616], [-80.25375, 43.3471], [-80.25437, 43.34864], [-80.25485, 43.35005], [-80.25533, 43.35128], [-80.25581, 43.3525], [-80.25614, 43.35342], [-80.25647, 43.35434], [-80.2568, 43.35525], [-80.25713, 43.35617], [-80.2575, 43.35706], [-80.25787, 43.35795], [-80.25824, 43.35884], [-80.25877, 43.36023], [-80.25909, 43.36093], [-80.25944, 43.36183], [-80.25979, 43.36274], [-80.26025, 43.36381], [-80.2607, 43.36487], [-80.26116, 43.36594], [-80.26172, 43.36745], [-80.26274, 43.36986], [-80.26307, 43.37078], [-80.2634, 43.3717], [-80.26374, 43.37262], [-80.26407, 43.37353], [-80.2644, 43.37445], [-80.26473, 43.37537], [-80.26506, 43.37628], [-80.26539, 43.37719], [-80.26551, 43.37731], [-80.26596, 43.37842], [-80.26642, 43.37952], [-80.26688, 43.38062], [-80.26691, 43.38062], [-80.26734, 43.3817], [-80.26776, 43.38277], [-80.26784, 43.38295], [-80.2679, 43.38294], [-80.26874, 43.38278], [-80.26908, 43.38272], [-80.26954, 43.38266], [-80.26969, 43.38264], [-80.27065, 43.38278], [-80.27129, 43.38296], [-80.2715, 43.38304], [-80.2721, 43.38293], [-80.27213, 43.38301], [-80.27222, 43.38326], [-80.27226, 43.38338], [-80.2723, 43.3835], [-80.2725, 43.38401], [-80.27269, 43.3845], [-80.2727, 43.38459], [-80.27295, 43.38454], [-80.27318, 43.38448], [-80.2733, 43.38446], [-80.27341, 43.38444], [-80.27353, 43.38443], [-80.27365, 43.38443], [-80.27377, 43.38444], [-80.27388, 43.38445], [-80.274, 43.38447], [-80.27411, 43.3845], [-80.27463, 43.38465], [-80.27465, 43.38465], [-80.27504, 43.38477], [-80.27544, 43.38487], [-80.27557, 43.38491], [-80.27677, 43.38525], [-80.27682, 43.38526], [-80.27691, 43.38528], [-80.27699, 43.3853], [-80.27708, 43.3853], [-80.27717, 43.3853], [-80.27726, 43.38529], [-80.27735, 43.38528], [-80.27767, 43.3852], [-80.2778, 43.38516], [-80.27794, 43.3851], [-80.27807, 43.38503], [-80.2782, 43.38496], [-80.27832, 43.38489], [-80.27843, 43.38481], [-80.27854, 43.38472], [-80.27863, 43.38464], [-80.27869, 43.38456], [-80.27877, 43.38449], [-80.27886, 43.38441], [-80.27896, 43.38434], [-80.27906, 43.38428], [-80.27917, 43.38422], [-80.27928, 43.38417], [-80.2794, 43.38413], [-80.27955, 43.38408], [-80.28037, 43.38387], [-80.28043, 43.38386], [-80.28114, 43.38373], [-80.28186, 43.38359], [-80.28257, 43.38344], [-80.28327, 43.38329], [-80.28359, 43.38322], [-80.28544, 43.38286], [-80.28569, 43.38282], [-80.28616, 43.38275], [-80.28656, 43.38269], [-80.28796, 43.38244], [-80.28937, 43.3822], [-80.29077, 43.38195], [-80.29218, 43.3817], [-80.29358, 43.38146], [-80.29452, 43.38128], [-80.29691, 43.38086], [-80.29831, 43.38061], [-80.29904, 43.38047], [-80.30041, 43.38023], [-80.30177, 43.37998], [-80.30337, 43.37971], [-80.30497, 43.37944], [-80.30657, 43.37916], [-80.30617, 43.37816], [-80.30578, 43.37715], [-80.3053, 43.37593], [-80.30526, 43.37585], [-80.3052, 43.37578], [-80.30514, 43.37571], [-80.30507, 43.37565], [-80.30499, 43.37558], [-80.304, 43.37493], [-80.30391, 43.37487], [-80.30384, 43.37481], [-80.30377, 43.37474], [-80.30371, 43.37466], [-80.30365, 43.37459], [-80.3036, 43.37449], [-80.30331, 43.37374], [-80.30277, 43.37234], [-80.3021, 43.37065], [-80.30196, 43.37034], [-80.3019, 43.37022], [-80.30182, 43.37004], [-80.30175, 43.36986], [-80.3017, 43.36971], [-80.30124, 43.36851], [-80.30124, 43.3684], [-80.30106, 43.36802], [-80.30104, 43.36793], [-80.30068, 43.36705], [-80.30033, 43.36617], [-80.29993, 43.36518], [-80.29948, 43.36406], [-80.29913, 43.36319], [-80.29874, 43.36222], [-80.29835, 43.36124], [-80.29797, 43.36026], [-80.29759, 43.35928], [-80.29747, 43.35901], [-80.29725, 43.35847], [-80.29689, 43.35755], [-80.29654, 43.35663], [-80.29532, 43.35684], [-80.29427, 43.35703], [-80.29387, 43.35709], [-80.29325, 43.35721], [-80.29205, 43.35741], [-80.28744, 43.35464], [-80.28843, 43.35377], [-80.28867, 43.35355], [-80.28878, 43.35343], [-80.28889, 43.35331], [-80.28899, 43.35319], [-80.28913, 43.35297], [-80.28918, 43.35287], [-80.28926, 43.35273], [-80.28933, 43.35259], [-80.28938, 43.35244], [-80.28943, 43.3523], [-80.28946, 43.35215], [-80.28949, 43.352], [-80.28951, 43.35185], [-80.28951, 43.35167], [-80.28949, 43.35153], [-80.28946, 43.3514], [-80.28942, 43.35127], [-80.28937, 43.35114], [-80.28932, 43.35101], [-80.28925, 43.35088], [-80.28917, 43.35076], [-80.28909, 43.35064], [-80.289, 43.35053], [-80.28886, 43.35037], [-80.28877, 43.35025], [-80.28869, 43.35013], [-80.28862, 43.35001], [-80.28856, 43.34988], [-80.28851, 43.34975], [-80.28846, 43.34962], [-80.28843, 43.34949], [-80.28841, 43.34936], [-80.28839, 43.34923], [-80.28839, 43.34914], [-80.28844, 43.34837], [-80.28914, 43.34842], [-80.28925, 43.34843], [-80.28941, 43.34844], [-80.28957, 43.34844], [-80.28973, 43.34843], [-80.28989, 43.34841], [-80.29, 43.3484], [-80.2903, 43.34834], [-80.293, 43.34781], [-80.29249, 43.34649], [-80.29211, 43.34552], [-80.29173, 43.34455], [-80.29107, 43.34286], [-80.29105, 43.3428], [-80.29101, 43.34275], [-80.29099, 43.34273], [-80.29098, 43.3427], [-80.29086, 43.3424], [-80.29075, 43.34209], [-80.29065, 43.34178], [-80.29057, 43.34152], [-80.29054, 43.34142], [-80.29046, 43.34118], [-80.29038, 43.34095], [-80.28977, 43.33962], [-80.28944, 43.3388], [-80.28929, 43.3384], [-80.28913, 43.338], [-80.28906, 43.33802], [-80.28895, 43.33803], [-80.28885, 43.33803], [-80.28874, 43.33804], [-80.28863, 43.33804], [-80.28853, 43.33805], [-80.28842, 43.33805], [-80.28826, 43.33806], [-80.28815, 43.33807], [-80.28804, 43.33807], [-80.28794, 43.33807], [-80.28783, 43.33808], [-80.28767, 43.33808], [-80.28756, 43.33808], [-80.28746, 43.33808], [-80.28735, 43.33809], [-80.28724, 43.33809], [-80.28708, 43.33809], [-80.28697, 43.33809], [-80.28687, 43.33809], [-80.28676, 43.33809], [-80.28665, 43.33809], [-80.28655, 43.33808], [-80.28644, 43.33808], [-80.28633, 43.33808], [-80.28623, 43.33808], [-80.28612, 43.33807], [-80.28601, 43.33807], [-80.28585, 43.33807], [-80.28574, 43.33806], [-80.28558, 43.33805], [-80.28542, 43.33805], [-80.28532, 43.33804], [-80.28516, 43.33803], [-80.285, 43.33802], [-80.28372, 43.33795], [-80.28245, 43.33788], [-80.28117, 43.3378], [-80.2799, 43.33773], [-80.27863, 43.33766], [-80.27735, 43.33758], [-80.27611, 43.33751], [-80.27603, 43.33751], [-80.27587, 43.33751], [-80.27571, 43.33751], [-80.27559, 43.33751], [-80.27543, 43.33751], [-80.27531, 43.33751], [-80.27519, 43.33751], [-80.27507, 43.33751], [-80.27495, 43.33752], [-80.27483, 43.33752], [-80.27467, 43.33753], [-80.27455, 43.33754], [-80.27426, 43.33757], [-80.27403, 43.33758], [-80.2738, 43.3376], [-80.27358, 43.33762], [-80.27335, 43.33764], [-80.27313, 43.33767], [-80.27296, 43.33769], [-80.27283, 43.33771], [-80.27271, 43.33772], [-80.27259, 43.33774], [-80.27247, 43.33776], [-80.27235, 43.33778], [-80.27223, 43.3378], [-80.27211, 43.33782], [-80.27198, 43.33785], [-80.27186, 43.33787], [-80.27172, 43.3379], [-80.27157, 43.33793], [-80.27142, 43.33797], [-80.27127, 43.338], [-80.27115, 43.33803], [-80.27104, 43.33806], [-80.27096, 43.33808], [-80.27092, 43.33809], [-80.2708, 43.33812], [-80.27069, 43.33815], [-80.27056, 43.33819], [-80.27032, 43.33826], [-80.27005, 43.33835], [-80.26976, 43.33845], [-80.26952, 43.33853], [-80.26929, 43.33862], [-80.26906, 43.33872], [-80.26883, 43.33882], [-80.2686, 43.33892], [-80.26837, 43.33902], [-80.26815, 43.33913], [-80.26794, 43.33924], [-80.26772, 43.33935], [-80.26752, 43.33947], [-80.26731, 43.33959], [-80.26711, 43.33972], [-80.26691, 43.33984], [-80.2667, 43.33998], [-80.26649, 43.34013], [-80.26629, 43.34028], [-80.26609, 43.34043], [-80.26589, 43.34059], [-80.26571, 43.34075], [-80.26553, 43.3409], [-80.26535, 43.34106], [-80.26519, 43.34123], [-80.26502, 43.34139], [-80.26487, 43.34156], [-80.26471, 43.34173], [-80.2643, 43.34226], [-80.26387, 43.34288], [-80.26376, 43.34306], [-80.26366, 43.34324], [-80.26357, 43.34342], [-80.26348, 43.3436], [-80.26339, 43.34378], [-80.26331, 43.34396], [-80.26324, 43.34415], [-80.2632, 43.34427], [-80.26316, 43.34442], [-80.26299, 43.34439], [-80.26261, 43.34432], [-80.26223, 43.34423], [-80.26185, 43.34414], [-80.26081, 43.34386], [-80.25992, 43.34358], [-80.25816, 43.34296], [-80.25695, 43.34254], [-80.25575, 43.34213], [-80.254, 43.34149], [-80.25249, 43.34093], [-80.25092, 43.34028]]]}, "properties": {"race": "cambridge-ward-7", "municipality": "cambridge", "ward": 7, "name": "Cambridge Ward 7"}}, {"type": "Feature", "geometry": {"type": "Polygon", "coordinates": [[[-80.28133, 43.41622], [-80.28254, 43.41601], [-80.28375, 43.41579], [-80.28495, 43.41558], [-80.28616, 43.41537], [-80.28737, 43.41515], [-80.28857, 43.41494], [-80.28978, 43.41473], [-80.29099, 43.41451], [-80.2922, 43.4143], [-80.2934, 43.41409], [-80.29461, 43.41388], [-80.29681, 43.4135], [-80.29817, 43.41327], [-80.29953, 43.41304], [-80.3009, 43.41281], [-80.30226, 43.41258], [-80.3035, 43.41238], [-80.30474, 43.41219], [-80.30598, 43.41199], [-80.30723, 43.41177], [-80.30849, 43.41156], [-80.30997, 43.4113], [-80.31122, 43.41107], [-80.31247, 43.41083], [-80.31372, 43.4106], [-80.31496, 43.41037], [-80.31646, 43.41009], [-80.31794, 43.40983], [-80.31942, 43.40956], [-80.3209, 43.4093], [-80.32238, 43.40903], [-80.32372, 43.40879], [-80.32507, 43.40855], [-80.32659, 43.40829], [-80.32811, 43.40803], [-80.32782, 43.40713], [-80.32752, 43.40623], [-80.32723, 43.40532], [-80.32693, 43.40442], [-80.32663, 43.40351], [-80.32634, 43.40261], [-80.32604, 43.40171], [-80.32575, 43.40079], [-80.32545, 43.39988], [-80.32516, 43.39896], [-80.32486, 43.39805], [-80.32457, 43.39713], [-80.32427, 43.39622], [-80.32397, 43.3953], [-80.32369, 43.39437], [-80.3234, 43.39344], [-80.32311, 43.39251], [-80.32283, 43.39159], [-80.32255, 43.39067], [-80.32068, 43.39098], [-80.32054, 43.39101], [-80.32036, 43.39103], [-80.32018, 43.39105], [-80.32, 43.39106], [-80.31982, 43.39107], [-80.31963, 43.39106], [-80.31945, 43.39105], [-80.31938, 43.39105], [-80.31837, 43.39096], [-80.31728, 43.39086], [-80.31723, 43.39085], [-80.31704, 43.39085], [-80.31686, 43.39085], [-80.31668, 43.39086], [-80.31649, 43.39088], [-80.31631, 43.3909], [-80.31614, 43.39093], [-80.31606, 43.39095], [-80.31429, 43.39147], [-80.3136, 43.39069], [-80.31351, 43.39058], [-80.31343, 43.3905], [-80.31334, 43.39043], [-80.31325, 43.39036], [-80.31313, 43.39029], [-80.31262, 43.39002], [-80.31168, 43.38896], [-80.31182, 43.38885], [-80.31188, 43.38879], [-80.31207, 43.38862], [-80.31209, 43.3886], [-80.31226, 43.38844], [-80.31243, 43.38826], [-80.31244, 43.38825], [-80.3126, 43.38807], [-80.31276, 43.38788], [-80.31291, 43.38769], [-80.31296, 43.38762], [-80.31309, 43.38742], [-80.3133, 43.38713], [-80.31335, 43.38706], [-80.31338, 43.387], [-80.31346, 43.38685], [-80.3135, 43.38676], [-80.31356, 43.38654], [-80.31357, 43.38637], [-80.31357, 43.38627], [-80.31357, 43.38616], [-80.31355, 43.38605], [-80.31352, 43.38594], [-80.31348, 43.38584], [-80.31343, 43.38573], [-80.31338, 43.38563], [-80.31331, 43.38553], [-80.31324, 43.38544], [-80.31315, 43.38535], [-80.31312, 43.38532], [-80.31283, 43.38503], [-80.31282, 43.38502], [-80.31272, 43.38493], [-80.31262, 43.38482], [-80.31253, 43.38472], [-80.31245, 43.38461], [-80.31238, 43.38449], [-80.31232, 43.38439], [-80.31228, 43.38425], [-80.31227, 43.38423], [-80.31222, 43.38411], [-80.31216, 43.38399], [-80.3121, 43.38388], [-80.31202, 43.38377], [-80.31194, 43.38366], [-80.31185, 43.38356], [-80.31178, 43.38349], [-80.31169, 43.38342], [-80.31159, 43.38333], [-80.31148, 43.38326], [-80.31136, 43.38318], [-80.31123, 43.38312], [-80.31112, 43.38307], [-80.31097, 43.383], [-80.31083, 43.38296], [-80.31078, 43.38294], [-80.31063, 43.3829], [-80.31043, 43.38286], [-80.31023, 43.38282], [-80.30869, 43.38252], [-80.30864, 43.38251], [-80.3085, 43.38247], [-80.30837, 43.38242], [-80.30825, 43.38237], [-80.30813, 43.38231], [-80.30801, 43.38225], [-80.3079, 43.38218], [-80.3078, 43.3821], [-80.30771, 43.38202], [-80.30762, 43.38194], [-80.30754, 43.38185], [-80.30747, 43.38176], [-80.30741, 43.38166], [-80.30736, 43.38156], [-80.30733, 43.3815], [-80.30702, 43.38051], [-80.30657, 43.37916], [-80.30497, 43.37944], [-80.30337, 43.37971], [-80.30177, 43.37998], [-80.30041, 43.38023], [-80.29904, 43.38047], [-80.29831, 43.38061], [-80.29691, 43.38086], [-80.29452, 43.38128], [-80.29358, 43.38146], [-80.29218, 43.3817], [-80.29077, 43.38195], [-80.28937, 43.3822], [-80.28796, 43.38244], [-80.28656, 43.38269], [-80.28616, 43.38275], [-80.28569, 43.38282], [-80.28544, 43.38286], [-80.28359, 43.38322], [-80.28327, 43.38329], [-80.28257, 43.38344], [-80.28186, 43.38359], [-80.28114, 43.38373], [-80.28043, 43.38386], [-80.28037, 43.38387], [-80.27955, 43.38408], [-80.2794, 43.38413], [-80.27928, 43.38417], [-80.27917, 43.38422], [-80.27906, 43.38428], [-80.27896, 43.38434], [-80.27886, 43.38441], [-80.27877, 43.38449], [-80.27869, 43.38456], [-80.27863, 43.38464], [-80.27854, 43.38472], [-80.27843, 43.38481], [-80.27832, 43.38489], [-80.2782, 43.38496], [-80.27807, 43.38503], [-80.27794, 43.3851], [-80.2778, 43.38516], [-80.27767, 43.3852], [-80.27735, 43.38528], [-80.27726, 43.38529], [-80.27717, 43.3853], [-80.27708, 43.3853], [-80.27699, 43.3853], [-80.27691, 43.38528], [-80.27682, 43.38526], [-80.27677, 43.38525], [-80.27557, 43.38491], [-80.27544, 43.38487], [-80.27504, 43.38477], [-80.27465, 43.38465], [-80.27463, 43.38465], [-80.27411, 43.3845], [-80.274, 43.38447], [-80.27388, 43.38445], [-80.27377, 43.38444], [-80.27365, 43.38443], [-80.27353, 43.38443], [-80.27341, 43.38444], [-80.2733, 43.38446], [-80.27318, 43.38448], [-80.27295, 43.38454], [-80.2727, 43.38459], [-80.27269, 43.3845], [-80.2725, 43.38401], [-80.2723, 43.3835], [-80.27226, 43.38338], [-80.27222, 43.38326], [-80.27213, 43.38301], [-80.2721, 43.38293], [-80.2715, 43.38304], [-80.27129, 43.38296], [-80.27065, 43.38278], [-80.26969, 43.38264], [-80.26954, 43.38266], [-80.26908, 43.38272], [-80.26874, 43.38278], [-80.2679, 43.38294], [-80.26784, 43.38295], [-80.26813, 43.38366], [-80.26821, 43.38399], [-80.26846, 43.38463], [-80.26865, 43.38505], [-80.26898, 43.38599], [-80.26921, 43.38642], [-80.26925, 43.38654], [-80.26973, 43.38778], [-80.2702, 43.38903], [-80.2709, 43.39074], [-80.27134, 43.39187], [-80.27178, 43.39299], [-80.27228, 43.39423], [-80.27279, 43.39547], [-80.27317, 43.39641], [-80.27356, 43.39736], [-80.27395, 43.39831], [-80.27433, 43.39925], [-80.27472, 43.4002], [-80.27511, 43.40115], [-80.27549, 43.40209], [-80.27588, 43.40304], [-80.27631, 43.4042], [-80.27677, 43.40533], [-80.27728, 43.40661], [-80.27779, 43.40789], [-80.27826, 43.40907], [-80.27872, 43.41025], [-80.27876, 43.41035], [-80.27955, 43.41198], [-80.2802, 43.41364], [-80.28025, 43.4138], [-80.28031, 43.41396], [-80.28038, 43.41411], [-80.28046, 43.41426], [-80.2809, 43.41524], [-80.28133, 43.41622]]]}, "properties": {"race": "cambridge-ward-8", "municipality": "cambridge", "ward": 8, "name": "Cambridge Ward 8"}}, {"type": "Feature", "geometry": {"type": "Polygon", "coordinates": [[[-80.66655, 43.61248], [-80.66512, 43.61187], [-80.66171, 43.61052], [-80.66015, 43.60992], [-80.65793, 43.60901], [-80.65494, 43.60775], [-80.65332, 43.6071], [-80.65225, 43.60667], [-80.65075, 43.60606], [-80.64967, 43.60567], [-80.64937, 43.60558], [-80.64644, 43.60437], [-80.64548, 43.60402], [-80.64494, 43.60381], [-80.6441, 43.60342], [-80.64279, 43.60294], [-80.64147, 43.60237], [-80.64063, 43.60207], [-80.64021, 43.6019], [-80.63877, 43.60133], [-80.63632, 43.60038], [-80.63542, 43.60008], [-80.63482, 43.59982], [-80.63357, 43.5993], [-80.63255, 43.59891], [-80.62866, 43.5973], [-80.62297, 43.59496], [-80.62135, 43.59431], [-80.61572, 43.59201], [-80.6156, 43.59197], [-80.60776, 43.58915], [-80.6095, 43.58061], [-80.60974, 43.57922], [-80.61285, 43.56117], [-80.61339, 43.55749], [-80.61375, 43.55514], [-80.61459, 43.54968], [-80.61525, 43.54577], [-80.61626, 43.53931], [-80.61644, 43.5387], [-80.61656, 43.53761], [-80.61668, 43.53687], [-80.61674, 43.53657], [-80.6171, 43.53423], [-80.6177, 43.5308], [-80.61782, 43.53006], [-80.61794, 43.52928], [-80.61806, 43.52867], [-80.61812, 43.52815], [-80.61824, 43.52815], [-80.61842, 43.52815], [-80.62201, 43.52845], [-80.62441, 43.52863], [-80.62471, 43.52863], [-80.62506, 43.52867], [-80.62518, 43.52867], [-80.62842, 43.52893], [-80.63063, 43.52915], [-80.63039, 43.53058], [-80.63021, 43.53188], [-80.63309, 43.5321], [-80.63566, 43.53227], [-80.63722, 43.5324], [-80.64027, 43.53262], [-80.64045, 43.53145], [-80.64225, 43.53158], [-80.64416, 43.53175], [-80.64422, 43.53175], [-80.6456, 43.53188], [-80.64602, 43.53193], [-80.6465, 43.53197], [-80.6474, 43.53201], [-80.64847, 43.5321], [-80.65039, 43.53227], [-80.65075, 43.53227], [-80.65129, 43.53227], [-80.65219, 43.53236], [-80.65237, 43.5324], [-80.65243, 43.5324], [-80.65452, 43.53258], [-80.65572, 43.53266], [-80.65608, 43.53271], [-80.65656, 43.53275], [-80.65919, 43.53297], [-80.66063, 43.5331], [-80.66105, 43.53067], [-80.66105, 43.53058], [-80.66171, 43.52685], [-80.66182, 43.52615], [-80.66188, 43.52568], [-80.66218, 43.52381], [-80.66218, 43.52377], [-80.66236, 43.52281], [-80.66284, 43.51977], [-80.66326, 43.51721], [-80.66344, 43.51617], [-80.66356, 43.51547], [-80.66374, 43.51474], [-80.66578, 43.51487], [-80.66871, 43.51513], [-80.66889, 43.51517], [-80.67368, 43.51556], [-80.67745, 43.51591], [-80.67859, 43.516], [-80.68362, 43.51643], [-80.68386, 43.51643], [-80.68392, 43.51643], [-80.68631, 43.51665], [-80.68799, 43.51682], [-80.68883, 43.51686], [-80.6941, 43.51734], [-80.69655, 43.51756], [-80.69912, 43.51778], [-80.70134, 43.51799], [-80.70415, 43.51825], [-80.70667, 43.51851], [-80.70894, 43.51873], [-80.71355, 43.51916], [-80.71367, 43.51916], [-80.71427, 43.51925], [-80.71583, 43.51942], [-80.71912, 43.51977], [-80.71924, 43.51977], [-80.72146, 43.51995], [-80.72253, 43.52008], [-80.72373, 43.52021], [-80.72445, 43.52025], [-80.72876, 43.52068], [-80.73373, 43.52116], [-80.73439, 43.52125], [-80.73355, 43.52572], [-80.73337, 43.52663], [-80.73331, 43.52693], [-80.73271, 43.5301], [-80.73265, 43.53028], [-80.73217, 43.53262], [-80.73128, 43.53714], [-80.7308, 43.53957], [-80.73068, 43.54026], [-80.73062, 43.54495], [-80.72385, 43.55349], [-80.71433, 43.5656], [-80.70822, 43.57345], [-80.70505, 43.57744], [-80.70176, 43.5816], [-80.69996, 43.58386], [-80.69673, 43.58802], [-80.69445, 43.59101], [-80.69194, 43.59427], [-80.69038, 43.5963], [-80.68589, 43.60194], [-80.6835, 43.60493], [-80.67949, 43.61009], [-80.675, 43.61586], [-80.66655, 43.61248]]]}, "properties": {"race": "wellesley-ward-1", "municipality": "wellesley", "ward": 1, "name": "Wellesley Ward 1"}}, {"type": "Feature", "geometry": {"type": "Polygon", "coordinates": [[[-80.675, 43.61586], [-80.67949, 43.61009], [-80.6835, 43.60493], [-80.68589, 43.60194], [-80.69038, 43.5963], [-80.69194, 43.59427], [-80.69445, 43.59101], [-80.69673, 43.58802], [-80.69996, 43.58386], [-80.70176, 43.5816], [-80.70505, 43.57744], [-80.70828, 43.57345], [-80.71439, 43.56564], [-80.72385, 43.55349], [-80.73062, 43.54495], [-80.73068, 43.54026], [-80.7308, 43.53957], [-80.73128, 43.53714], [-80.73217, 43.53262], [-80.73271, 43.5301], [-80.73331, 43.52693], [-80.73355, 43.52572], [-80.73439, 43.52125], [-80.73606, 43.52142], [-80.73852, 43.52168], [-80.74097, 43.5219], [-80.74343, 43.52216], [-80.74367, 43.52216], [-80.7478, 43.52251], [-80.74798, 43.52255], [-80.74989, 43.52008], [-80.75001, 43.52016], [-80.75666, 43.52281], [-80.75834, 43.52346], [-80.76001, 43.52411], [-80.76343, 43.52542], [-80.76678, 43.52676], [-80.77013, 43.52806], [-80.77013, 43.52811], [-80.77019, 43.52811], [-80.77025, 43.52828], [-80.77235, 43.52911], [-80.77522, 43.53023], [-80.7769, 43.53089], [-80.78025, 43.53223], [-80.78187, 43.53288], [-80.78354, 43.53353], [-80.7869, 43.53488], [-80.79019, 43.53618], [-80.79043, 43.53627], [-80.79695, 43.53887], [-80.79695, 43.53891], [-80.80025, 43.54022], [-80.8036, 43.54156], [-80.80474, 43.54204], [-80.80546, 43.5423], [-80.80677, 43.54286], [-80.80701, 43.54295], [-80.80851, 43.54356], [-80.81007, 43.54417], [-80.8103, 43.54425], [-80.8136, 43.5456], [-80.81683, 43.54699], [-80.82012, 43.54829], [-80.8233, 43.54968], [-80.82348, 43.54972], [-80.8294, 43.55224], [-80.82982, 43.55241], [-80.82994, 43.55245], [-80.82904, 43.55363], [-80.82791, 43.55506], [-80.82665, 43.55675], [-80.82449, 43.55961], [-80.8221, 43.56265], [-80.8215, 43.56347], [-80.81982, 43.56564], [-80.81964, 43.56582], [-80.81839, 43.56751], [-80.81174, 43.57605], [-80.81162, 43.57627], [-80.81048, 43.57774], [-80.80875, 43.58], [-80.80857, 43.58022], [-80.80522, 43.5846], [-80.80462, 43.58533], [-80.80342, 43.5869], [-80.80156, 43.58928], [-80.80031, 43.59084], [-80.79701, 43.595], [-80.7954, 43.597], [-80.79462, 43.598], [-80.79157, 43.60185], [-80.78833, 43.60589], [-80.78672, 43.60784], [-80.78396, 43.61126], [-80.7827, 43.61287], [-80.78043, 43.61568], [-80.77923, 43.6172], [-80.77744, 43.61945], [-80.77558, 43.62179], [-80.77289, 43.62517], [-80.77235, 43.62582], [-80.77139, 43.62708], [-80.77103, 43.62756], [-80.77067, 43.62808], [-80.77031, 43.62847], [-80.76983, 43.62907], [-80.76929, 43.62977], [-80.76774, 43.63172], [-80.76396, 43.63644], [-80.76307, 43.63757], [-80.76271, 43.63804], [-80.76133, 43.63978], [-80.76073, 43.64056], [-80.75906, 43.64268], [-80.75858, 43.64329], [-80.75714, 43.64511], [-80.75576, 43.64675], [-80.75498, 43.64779], [-80.75462, 43.64823], [-80.75451, 43.64836], [-80.75271, 43.64762], [-80.75223, 43.64745], [-80.74127, 43.64281], [-80.7399, 43.64225], [-80.73804, 43.64147], [-80.73475, 43.64008], [-80.72678, 43.63679], [-80.72469, 43.63592], [-80.72008, 43.63406], [-80.71493, 43.63193], [-80.70858, 43.62929], [-80.70553, 43.62808], [-80.70511, 43.6279], [-80.6996, 43.62565], [-80.69505, 43.62383], [-80.68978, 43.62162], [-80.68835, 43.62106], [-80.68242, 43.61876], [-80.67691, 43.61659], [-80.67655, 43.61646], [-80.67577, 43.61612], [-80.675, 43.61586]]]}, "properties": {"race": "wellesley-ward-2", "municipality": "wellesley", "ward": 2, "name": "Wellesley Ward 2"}}, {"type": "Feature", "geometry": {"type": "Polygon", "coordinates": [[[-80.8691, 43.49806], [-80.86778, 43.49984], [-80.86598, 43.50236], [-80.86563, 43.50288], [-80.86293, 43.50666], [-80.85946, 43.51157], [-80.85647, 43.51591], [-80.85533, 43.51756], [-80.85353, 43.52021], [-80.85299, 43.52094], [-80.85174, 43.52277], [-80.85144, 43.52316], [-80.84599, 43.53102], [-80.84323, 43.53475], [-80.84108, 43.5377], [-80.8406, 43.53835], [-80.83988, 43.53935], [-80.83814, 43.54169], [-80.83635, 43.54408], [-80.83605, 43.54443], [-80.83575, 43.54477], [-80.82994, 43.55245], [-80.82982, 43.55241], [-80.8294, 43.55224], [-80.82348, 43.54972], [-80.8233, 43.54968], [-80.82012, 43.54829], [-80.81683, 43.54699], [-80.8136, 43.5456], [-80.8103, 43.54425], [-80.81007, 43.54417], [-80.80851, 43.54356], [-80.80701, 43.54295], [-80.80677, 43.54286], [-80.80546, 43.5423], [-80.80474, 43.54204], [-80.8036, 43.54156], [-80.80025, 43.54022], [-80.79695, 43.53891], [-80.79695, 43.53887], [-80.79043, 43.53627], [-80.79019, 43.53618], [-80.7869, 43.53488], [-80.78354, 43.53353], [-80.78187, 43.53288], [-80.78025, 43.53223], [-80.7769, 43.53089], [-80.77522, 43.53023], [-80.77235, 43.52911], [-80.77025, 43.52828], [-80.77019, 43.52811], [-80.77013, 43.52811], [-80.77013, 43.52806], [-80.76678, 43.52676], [-80.76343, 43.52542], [-80.76001, 43.52411], [-80.75834, 43.52346], [-80.75666, 43.52281], [-80.75001, 43.52016], [-80.74989, 43.52008], [-80.74798, 43.52255], [-80.7478, 43.52251], [-80.74367, 43.52216], [-80.74343, 43.52216], [-80.74097, 43.5219], [-80.73852, 43.52168], [-80.73606, 43.52142], [-80.73439, 43.52125], [-80.73373, 43.52116], [-80.72876, 43.52068], [-80.72445, 43.52025], [-80.72373, 43.52021], [-80.72253, 43.52008], [-80.72146, 43.51995], [-80.71924, 43.51977], [-80.71912, 43.51977], [-80.71583, 43.51942], [-80.71427, 43.51925], [-80.71367, 43.51916], [-80.71637, 43.50475], [-80.71649, 43.50379], [-80.71739, 43.49863], [-80.71798, 43.49524], [-80.71852, 43.4922], [-80.71882, 43.49063], [-80.71942, 43.48781], [-80.71978, 43.48594], [-80.72032, 43.48325], [-80.72098, 43.47964], [-80.72152, 43.47708], [-80.72182, 43.4756], [-80.72235, 43.47291], [-80.72241, 43.47291], [-80.72319, 43.47287], [-80.72421, 43.47282], [-80.72726, 43.47256], [-80.7302, 43.47235], [-80.73193, 43.47222], [-80.73511, 43.47196], [-80.7381, 43.47169], [-80.73948, 43.47161], [-80.74026, 43.47156], [-80.74091, 43.47152], [-80.74193, 43.47148], [-80.74265, 43.47143], [-80.74385, 43.47135], [-80.74678, 43.47117], [-80.74882, 43.47104], [-80.75043, 43.47096], [-80.75241, 43.47083], [-80.75337, 43.47078], [-80.75409, 43.47074], [-80.7551, 43.4707], [-80.75786, 43.47052], [-80.75917, 43.47043], [-80.76037, 43.47035], [-80.76259, 43.47022], [-80.76361, 43.47013], [-80.76408, 43.47013], [-80.7654, 43.47004], [-80.76642, 43.46996], [-80.76899, 43.46978], [-80.77013, 43.46974], [-80.77085, 43.4697], [-80.77408, 43.46948], [-80.77983, 43.46909], [-80.78181, 43.46896], [-80.79486, 43.46804], [-80.79869, 43.46926], [-80.80192, 43.47056], [-80.80384, 43.47135], [-80.80683, 43.47256], [-80.80941, 43.47365], [-80.81444, 43.47565], [-80.81617, 43.47639], [-80.81695, 43.47669], [-80.81893, 43.47747], [-80.8212, 43.47843], [-80.82174, 43.47865], [-80.82934, 43.48173], [-80.82994, 43.48199], [-80.83168, 43.48269], [-80.83371, 43.48351], [-80.83521, 43.48412], [-80.83527, 43.48416], [-80.83665, 43.48473], [-80.8397, 43.48599], [-80.84497, 43.48812], [-80.84868, 43.48968], [-80.84922, 43.48985], [-80.84946, 43.48998], [-80.85132, 43.49072], [-80.85467, 43.49211], [-80.86497, 43.49637], [-80.8691, 43.49806]]]}, "properties": {"race": "wellesley-ward-3", "municipality": "wellesley", "ward": 3, "name": "Wellesley Ward 3"}}, {"type": "Feature", "geometry": {"type": "Polygon", "coordinates": [[[-80.62626, 43.47969], [-80.62674, 43.47964], [-80.62967, 43.47934], [-80.63291, 43.47904], [-80.63339, 43.47895], [-80.67919, 43.47569], [-80.68278, 43.47547], [-80.68529, 43.4753], [-80.68637, 43.47521], [-80.68775, 43.47513], [-80.68799, 43.47513], [-80.69098, 43.47491], [-80.69302, 43.47482], [-80.69475, 43.47469], [-80.69739, 43.47452], [-80.69841, 43.47448], [-80.70373, 43.47413], [-80.70601, 43.47395], [-80.70727, 43.47387], [-80.70858, 43.47378], [-80.71092, 43.47365], [-80.71146, 43.47361], [-80.71182, 43.47356], [-80.71631, 43.4733], [-80.71864, 43.47313], [-80.72152, 43.47295], [-80.72235, 43.47291], [-80.72182, 43.4756], [-80.72152, 43.47708], [-80.72098, 43.47964], [-80.72032, 43.48325], [-80.71978, 43.48594], [-80.71942, 43.48781], [-80.71882, 43.49063], [-80.71852, 43.4922], [-80.71798, 43.49524], [-80.71739, 43.49863], [-80.71649, 43.50379], [-80.71637, 43.50475], [-80.71367, 43.51916], [-80.71361, 43.51916], [-80.71355, 43.51916], [-80.70894, 43.51873], [-80.70667, 43.51851], [-80.70415, 43.51825], [-80.70134, 43.51799], [-80.69912, 43.51778], [-80.69655, 43.51756], [-80.6941, 43.51734], [-80.68883, 43.51686], [-80.68799, 43.51682], [-80.68631, 43.51665], [-80.68392, 43.51643], [-80.68386, 43.51643], [-80.68362, 43.51643], [-80.67859, 43.516], [-80.67745, 43.51591], [-80.67368, 43.51556], [-80.66889, 43.51517], [-80.66871, 43.51513], [-80.66578, 43.51487], [-80.66374, 43.51474], [-80.66356, 43.51547], [-80.66344, 43.51617], [-80.66326, 43.51721], [-80.66284, 43.51977], [-80.66236, 43.52281], [-80.66218, 43.52377], [-80.66218, 43.52381], [-80.66188, 43.52568], [-80.66182, 43.52615], [-80.66171, 43.52685], [-80.66105, 43.53058], [-80.66105, 43.53067], [-80.66063, 43.5331], [-80.65919, 43.53297], [-80.65656, 43.53275], [-80.65608, 43.53271], [-80.65572, 43.53266], [-80.65452, 43.53258], [-80.65243, 43.5324], [-80.65237, 43.5324], [-80.65219, 43.53236], [-80.65129, 43.53227], [-80.65075, 43.53227], [-80.65039, 43.53227], [-80.64847, 43.5321], [-80.6474, 43.53201], [-80.6465, 43.53197], [-80.64602, 43.53193], [-80.6456, 43.53188], [-80.64422, 43.53175], [-80.64416, 43.53175], [-80.64225, 43.53158], [-80.64045, 43.53145], [-80.64027, 43.53262], [-80.63722, 43.5324], [-80.63566, 43.53227], [-80.63309, 43.5321], [-80.63021, 43.53188], [-80.63039, 43.53058], [-80.63063, 43.52915], [-80.62842, 43.52893], [-80.62518, 43.52867], [-80.62506, 43.52867], [-80.62471, 43.52863], [-80.62441, 43.52863], [-80.62201, 43.52845], [-80.61842, 43.52815], [-80.61824, 43.52815], [-80.61812, 43.52815], [-80.61836, 43.52676], [-80.61854, 43.52529], [-80.61866, 43.52468], [-80.61884, 43.52377], [-80.61938, 43.52038], [-80.6195, 43.51947], [-80.61956, 43.51929], [-80.61956, 43.51925], [-80.61968, 43.51843], [-80.62015, 43.51552], [-80.62039, 43.51413], [-80.62039, 43.51404], [-80.62081, 43.51161], [-80.62165, 43.5067], [-80.62183, 43.50536], [-80.62213, 43.50379], [-80.62237, 43.50206], [-80.62255, 43.50123], [-80.62267, 43.50045], [-80.62285, 43.49923], [-80.62309, 43.49763], [-80.62339, 43.49598], [-80.62357, 43.49498], [-80.62381, 43.49363], [-80.62405, 43.49224], [-80.62417, 43.49124], [-80.62429, 43.49059], [-80.62453, 43.4892], [-80.62518, 43.48555], [-80.62548, 43.48386], [-80.62626, 43.47969]]]}, "properties": {"race": "wellesley-ward-4", "municipality": "wellesley", "ward": 4, "name": "Wellesley Ward 4"}}, {"type": "Feature", "geometry": {"type": "Polygon", "coordinates": [[[-80.58413, 43.61121], [-80.54254, 43.60665], [-80.54389, 43.59874], [-80.54798, 43.57505], [-80.58961, 43.57863], [-80.58413, 43.61121]]]}, "properties": {"race": "woolwich-ward-1", "municipality": "woolwich", "ward": 1, "name": "Woolwich Ward 1"}}, {"type": "Feature", "geometry": {"type": "Polygon", "coordinates": [[[-80.48898, 43.59348], [-80.49025, 43.58143], [-80.49216, 43.57971], [-80.49225, 43.57628], [-80.49141, 43.57406], [-80.48513, 43.57207], [-80.48037, 43.5704], [-80.47746, 43.56803], [-80.47674, 43.56625], [-80.47631, 43.55931], [-80.48051, 43.55488], [-80.5069, 43.55758], [-80.5092, 43.55234], [-80.5096, 43.54874], [-80.51375, 43.54907], [-80.51392, 43.5436], [-80.51457, 43.53925], [-80.51625, 43.52018], [-80.51706, 43.51818], [-80.62613, 43.47981], [-80.6096, 43.58039], [-80.60954, 43.58044], [-80.60942, 43.58044], [-80.59511, 43.66203], [-80.55804, 43.68911], [-80.476, 43.63064], [-80.4794, 43.62634], [-80.47993, 43.62154], [-80.47805, 43.61935], [-80.47689, 43.61219], [-80.47551, 43.60863], [-80.4732, 43.60737], [-80.47097, 43.60327], [-80.46598, 43.6], [-80.464, 43.59563], [-80.46735, 43.59089], [-80.47031, 43.58801], [-80.47141, 43.5886], [-80.47817, 43.59183], [-80.48312, 43.59296], [-80.48898, 43.59348]], [[-80.58413, 43.61121], [-80.58961, 43.57863], [-80.54798, 43.57505], [-80.54254, 43.60665], [-80.58413, 43.61121]]]}, "properties": {"race": "woolwich-ward-2", "municipality": "woolwich", "ward": 2, "name": "Woolwich Ward 2"}}, {"type": "Feature", "geometry": {"type": "Polygon", "coordinates": [[[-80.35933, 43.51891], [-80.30585, 43.47186], [-80.31067, 43.4718], [-80.3166, 43.47104], [-80.32825, 43.46688], [-80.33033, 43.46609], [-80.33622, 43.46399], [-80.34027, 43.46153], [-80.34694, 43.46023], [-80.35349, 43.45893], [-80.35472, 43.45796], [-80.35713, 43.45571], [-80.3597, 43.45461], [-80.3665, 43.45278], [-80.3728, 43.45095], [-80.37428, 43.4502], [-80.37766, 43.44746], [-80.38011, 43.44627], [-80.38777, 43.44356], [-80.39205, 43.44905], [-80.3918, 43.44985], [-80.39263, 43.45181], [-80.39383, 43.45373], [-80.39638, 43.45548], [-80.40235, 43.45684], [-80.40583, 43.45717], [-80.41022, 43.4572], [-80.41278, 43.45779], [-80.41509, 43.45842], [-80.41783, 43.45959], [-80.41977, 43.46111], [-80.4211, 43.46196], [-80.42157, 43.46384], [-80.42277, 43.46638], [-80.42453, 43.46754], [-80.42659, 43.4692], [-80.42749, 43.47107], [-80.42742, 43.47245], [-80.42514, 43.4739], [-80.42255, 43.47643], [-80.42271, 43.47949], [-80.42379, 43.48083], [-80.42647, 43.48174], [-80.42983, 43.48207], [-80.43209, 43.48243], [-80.43411, 43.48142], [-80.43705, 43.48059], [-80.44055, 43.47865], [-80.4441, 43.47782], [-80.44588, 43.47685], [-80.44948, 43.47678], [-80.45137, 43.47732], [-80.45436, 43.47734], [-80.4566, 43.47944], [-80.45816, 43.48283], [-80.4601, 43.48408], [-80.46272, 43.4852], [-80.46376, 43.48485], [-80.4651, 43.4857], [-80.46828, 43.48496], [-80.46973, 43.48719], [-80.47089, 43.4868], [-80.47149, 43.48751], [-80.47312, 43.48997], [-80.47372, 43.4913], [-80.47297, 43.49375], [-80.47051, 43.49502], [-80.4683, 43.49675], [-80.4648, 43.49904], [-80.46484, 43.50082], [-80.46488, 43.50291], [-80.4653, 43.50452], [-80.46712, 43.50622], [-80.46986, 43.5065], [-80.47292, 43.50633], [-80.47458, 43.50536], [-80.47678, 43.50453], [-80.4796, 43.50409], [-80.48517, 43.5023], [-80.49013, 43.50174], [-80.49293, 43.5026], [-80.49341, 43.50313], [-80.49389, 43.50451], [-80.49424, 43.50665], [-80.49494, 43.51017], [-80.49468, 43.51221], [-80.49266, 43.51291], [-80.48807, 43.51312], [-80.48629, 43.51426], [-80.48341, 43.51585], [-80.4718, 43.51602], [-80.46842, 43.51716], [-80.46774, 43.51831], [-80.46736, 43.52027], [-80.4699, 43.52286], [-80.47405, 43.52381], [-80.47673, 43.52494], [-80.4788, 43.52566], [-80.47994, 43.5282], [-80.48114, 43.53101], [-80.47629, 43.5329], [-80.48108, 43.53105], [-80.51706, 43.51818], [-80.51619, 43.52018], [-80.51457, 43.53925], [-80.51392, 43.5436], [-80.51375, 43.54907], [-80.50966, 43.54856], [-80.5092, 43.55234], [-80.5069, 43.55758], [-80.48051, 43.55484], [-80.47631, 43.55953], [-80.47662, 43.56603], [-80.47776, 43.56812], [-80.48037, 43.5704], [-80.48501, 43.57203], [-80.49153, 43.5741], [-80.49219, 43.57619], [-80.49241, 43.5794], [-80.49025, 43.58143], [-80.48899, 43.59339], [-80.48312, 43.59296], [-80.47817, 43.59183], [-80.47141, 43.5886], [-80.47031, 43.58801], [-80.46735, 43.59084], [-80.464, 43.59563], [-80.4661, 43.60004], [-80.47103, 43.60327], [-80.47326, 43.60741], [-80.47557, 43.60872], [-80.47689, 43.61219], [-80.47799, 43.61935], [-80.47993, 43.62154], [-80.4794, 43.62648], [-80.476, 43.63064], [-80.41988, 43.59008], [-80.38295, 43.56356], [-80.3673, 43.56903], [-80.37397, 43.53283], [-80.35933, 43.51891]]]}, "properties": {"race": "woolwich-ward-3", "municipality": "woolwich", "ward": 3, "name": "Woolwich Ward 3"}}, {"type": "Feature", "geometry": {"type": "Polygon", "coordinates": [[[-80.67296, 43.3205], [-80.67651, 43.31994], [-80.67935, 43.31949], [-80.68668, 43.31832], [-80.69103, 43.31759], [-80.69208, 43.31743], [-80.69538, 43.31693], [-80.70287, 43.31581], [-80.71007, 43.31466], [-80.71621, 43.31376], [-80.71802, 43.31349], [-80.72045, 43.31313], [-80.72051, 43.31312], [-80.72449, 43.31252], [-80.7252, 43.31242], [-80.72524, 43.31241], [-80.73147, 43.31149], [-80.73495, 43.31097], [-80.73495, 43.31107], [-80.73495, 43.31173], [-80.73496, 43.31265], [-80.73497, 43.3149], [-80.73499, 43.31597], [-80.73504, 43.31932], [-80.73507, 43.32133], [-80.73507, 43.32151], [-80.73529, 43.33154], [-80.73544, 43.33977], [-80.73556, 43.34389], [-80.73558, 43.34466], [-80.73579, 43.35325], [-80.73579, 43.35335], [-80.73579, 43.35335], [-80.73579, 43.35345], [-80.73579, 43.35348], [-80.73584, 43.35468], [-80.73588, 43.35576], [-80.73589, 43.35614], [-80.7359, 43.35655], [-80.73591, 43.3566], [-80.70733, 43.3609], [-80.69224, 43.36313], [-80.69189, 43.36315], [-80.6883, 43.3637], [-80.68772, 43.36352], [-80.68735, 43.3639], [-80.68735, 43.36398], [-80.68614, 43.36417], [-80.68564, 43.36371], [-80.68461, 43.36431], [-80.68157, 43.36478], [-80.67692, 43.3655], [-80.67682, 43.36555], [-80.67429, 43.36597], [-80.67224, 43.36642], [-80.66896, 43.36703], [-80.66162, 43.36822], [-80.64648, 43.37052], [-80.636, 43.37204], [-80.63107, 43.37278], [-80.63013, 43.37299], [-80.62879, 43.3732], [-80.6225, 43.37417], [-80.61606, 43.37507], [-80.60831, 43.37623], [-80.60837, 43.37632], [-80.60992, 43.37773], [-80.61223, 43.37981], [-80.6142, 43.38156], [-80.61564, 43.38287], [-80.61653, 43.38616], [-80.61806, 43.38593], [-80.61837, 43.387], [-80.6184, 43.38711], [-80.62011, 43.38686], [-80.62016, 43.38696], [-80.62087, 43.3876], [-80.62225, 43.38885], [-80.6273, 43.3934], [-80.62914, 43.39502], [-80.63125, 43.39695], [-80.63165, 43.39744], [-80.59671, 43.40579], [-80.59029, 43.40732], [-80.58663, 43.40778], [-80.57257, 43.4083], [-80.54803, 43.40913], [-80.54684, 43.40804], [-80.54655, 43.40778], [-80.54632, 43.40757], [-80.54613, 43.40739], [-80.54541, 43.40674], [-80.5425, 43.40409], [-80.54209, 43.40372], [-80.54062, 43.40238], [-80.53898, 43.40089], [-80.53874, 43.40067], [-80.53871, 43.40064], [-80.5385, 43.40045], [-80.53804, 43.40003], [-80.5379, 43.3999], [-80.53755, 43.39958], [-80.53728, 43.39932], [-80.53617, 43.39829], [-80.53597, 43.39811], [-80.53548, 43.39767], [-80.53467, 43.39695], [-80.53454, 43.39683], [-80.53435, 43.39665], [-80.5342, 43.39652], [-80.53398, 43.39631], [-80.53397, 43.3963], [-80.53326, 43.39565], [-80.53315, 43.39555], [-80.53242, 43.39488], [-80.53213, 43.39462], [-80.53206, 43.39455], [-80.53185, 43.39435], [-80.53074, 43.39334], [-80.53052, 43.39313], [-80.53011, 43.39276], [-80.52987, 43.39254], [-80.52981, 43.39249], [-80.52914, 43.39187], [-80.52911, 43.39184], [-80.5291, 43.39183], [-80.52883, 43.39159], [-80.5279, 43.39075], [-80.52749, 43.39038], [-80.52707, 43.39], [-80.52674, 43.3897], [-80.52634, 43.38934], [-80.52612, 43.38914], [-80.52558, 43.38865], [-80.52545, 43.38853], [-80.52539, 43.38848], [-80.52145, 43.38491], [-80.52058, 43.38412], [-80.5193, 43.38295], [-80.51862, 43.38233], [-80.51721, 43.38106], [-80.51708, 43.38095], [-80.51684, 43.38073], [-80.51643, 43.38036], [-80.51641, 43.38029], [-80.51633, 43.38009], [-80.51618, 43.37972], [-80.51554, 43.37812], [-80.51547, 43.37794], [-80.51539, 43.37775], [-80.51533, 43.37759], [-80.51526, 43.37742], [-80.51522, 43.37733], [-80.51515, 43.37715], [-80.515, 43.37677], [-80.51499, 43.37676], [-80.51496, 43.37667], [-80.51496, 43.37667], [-80.51496, 43.37667], [-80.5147, 43.37604], [-80.51462, 43.37586], [-80.51459, 43.37578], [-80.51448, 43.37549], [-80.51438, 43.37525], [-80.51388, 43.37404], [-80.51379, 43.37382], [-80.51365, 43.37347], [-80.51334, 43.37271], [-80.51324, 43.37246], [-80.51312, 43.37219], [-80.51268, 43.3711], [-80.51268, 43.3711], [-80.51264, 43.371], [-80.51233, 43.37021], [-80.51197, 43.3693], [-80.51172, 43.36866], [-80.5117, 43.36862], [-80.51112, 43.36716], [-80.51084, 43.36645], [-80.51048, 43.36553], [-80.51048, 43.36553], [-80.51011, 43.3646], [-80.50917, 43.36229], [-80.50849, 43.3606], [-80.50808, 43.35959], [-80.50795, 43.35928], [-80.50782, 43.35895], [-80.50782, 43.35894], [-80.50741, 43.35789], [-80.50725, 43.3575], [-80.50709, 43.35709], [-80.50649, 43.35555], [-80.50628, 43.35503], [-80.50621, 43.35483], [-80.50603, 43.35439], [-80.50599, 43.35427], [-80.50593, 43.35412], [-80.50588, 43.35399], [-80.50583, 43.35388], [-80.50576, 43.35371], [-80.50407, 43.34956], [-80.50348, 43.34812], [-80.5036, 43.3481], [-80.50372, 43.34808], [-80.50402, 43.34803], [-80.50439, 43.34796], [-80.50548, 43.34778], [-80.511, 43.34685], [-80.51373, 43.34639], [-80.51541, 43.34611], [-80.52759, 43.34406], [-80.52773, 43.34404], [-80.52833, 43.34394], [-80.53107, 43.34348], [-80.53399, 43.34298], [-80.53625, 43.34261], [-80.54695, 43.34087], [-80.54718, 43.34083], [-80.55303, 43.33988], [-80.56114, 43.33855], [-80.56399, 43.33812], [-80.56491, 43.33798], [-80.56722, 43.33762], [-80.56837, 43.33745], [-80.57163, 43.33697], [-80.57357, 43.33668], [-80.57553, 43.33636], [-80.58274, 43.33519], [-80.58652, 43.33459], [-80.58997, 43.33402], [-80.5902, 43.33398], [-80.59166, 43.33374], [-80.59323, 43.33347], [-80.59458, 43.33325], [-80.59484, 43.33321], [-80.59794, 43.33275], [-80.60541, 43.33157], [-80.60765, 43.33117], [-80.60912, 43.3309], [-80.61219, 43.33034], [-80.61936, 43.32905], [-80.61974, 43.32898], [-80.62621, 43.32792], [-80.63324, 43.32678], [-80.63348, 43.32674], [-80.64275, 43.32523], [-80.64297, 43.32519], [-80.64319, 43.32515], [-80.6495, 43.32417], [-80.65372, 43.32352], [-80.65781, 43.32288], [-80.66449, 43.32184], [-80.66475, 43.3218], [-80.66539, 43.3217], [-80.67296, 43.3205]]]}, "properties": {"race": "wilmot-ward-1", "municipality": "wilmot", "ward": 1, "name": "Wilmot Ward 1"}}, {"type": "Feature", "geometry": {"type": "Polygon", "coordinates": [[[-80.73721, 43.40524], [-80.73722, 43.40551], [-80.73722, 43.40569], [-80.73725, 43.40755], [-80.7463, 43.41687], [-80.75243, 43.42326], [-80.75703, 43.42808], [-80.7637, 43.43515], [-80.76736, 43.43899], [-80.77286, 43.44478], [-80.77827, 43.45031], [-80.78787, 43.46019], [-80.78934, 43.46171], [-80.79162, 43.46408], [-80.79291, 43.46542], [-80.7934, 43.46593], [-80.79435, 43.46687], [-80.79547, 43.468], [-80.79433, 43.46807], [-80.79345, 43.46813], [-80.79292, 43.46817], [-80.79107, 43.46829], [-80.79089, 43.4683], [-80.78933, 43.46841], [-80.7871, 43.46855], [-80.78695, 43.46856], [-80.78563, 43.46863], [-80.78533, 43.46864], [-80.78424, 43.46872], [-80.78258, 43.46883], [-80.78138, 43.46892], [-80.78092, 43.46895], [-80.77897, 43.46908], [-80.77816, 43.46913], [-80.77808, 43.46914], [-80.77412, 43.46941], [-80.77338, 43.46946], [-80.77312, 43.46947], [-80.77282, 43.46949], [-80.77127, 43.46959], [-80.77069, 43.46963], [-80.77038, 43.46965], [-80.76874, 43.46975], [-80.76865, 43.46976], [-80.76793, 43.46981], [-80.76681, 43.46988], [-80.76678, 43.46988], [-80.76639, 43.46991], [-80.76606, 43.46993], [-80.76576, 43.46995], [-80.76574, 43.46995], [-80.76555, 43.46996], [-80.76554, 43.46996], [-80.76546, 43.46997], [-80.7653, 43.46998], [-80.76526, 43.46998], [-80.76498, 43.47], [-80.76493, 43.47], [-80.76408, 43.47005], [-80.76387, 43.47007], [-80.76384, 43.47007], [-80.76373, 43.47008], [-80.76369, 43.47008], [-80.76364, 43.47008], [-80.76337, 43.4701], [-80.76333, 43.4701], [-80.76315, 43.47011], [-80.7631, 43.47012], [-80.76304, 43.47012], [-80.76298, 43.47012], [-80.76294, 43.47013], [-80.76293, 43.47013], [-80.76289, 43.47013], [-80.76242, 43.47016], [-80.76208, 43.47018], [-80.76179, 43.4702], [-80.7611, 43.47025], [-80.76, 43.47032], [-80.75996, 43.47032], [-80.75714, 43.4705], [-80.75688, 43.47052], [-80.75644, 43.47054], [-80.75624, 43.47056], [-80.75376, 43.47072], [-80.75348, 43.47073], [-80.7533, 43.47074], [-80.75322, 43.47075], [-80.74831, 43.47102], [-80.74831, 43.47102], [-80.74827, 43.47102], [-80.74774, 43.47105], [-80.7403, 43.47151], [-80.74022, 43.47151], [-80.74008, 43.47152], [-80.74, 43.47153], [-80.73841, 43.47165], [-80.73751, 43.47172], [-80.73732, 43.47173], [-80.737, 43.47176], [-80.73258, 43.47209], [-80.73219, 43.47212], [-80.72963, 43.47231], [-80.72423, 43.47272], [-80.72394, 43.47274], [-80.72351, 43.47276], [-80.71934, 43.47303], [-80.71584, 43.47325], [-80.71525, 43.47329], [-80.70972, 43.47364], [-80.70771, 43.47377], [-80.70596, 43.47389], [-80.69962, 43.47433], [-80.69445, 43.47467], [-80.69306, 43.47476], [-80.69133, 43.47487], [-80.69103, 43.47489], [-80.67507, 43.47594], [-80.67478, 43.47596], [-80.67062, 43.47625], [-80.66988, 43.4763], [-80.66908, 43.47636], [-80.66744, 43.47648], [-80.66652, 43.47655], [-80.66622, 43.47657], [-80.66256, 43.47683], [-80.66238, 43.47685], [-80.6613, 43.47693], [-80.65958, 43.47705], [-80.65853, 43.47713], [-80.65737, 43.47721], [-80.65653, 43.47727], [-80.65309, 43.47752], [-80.65178, 43.47762], [-80.65033, 43.47772], [-80.64921, 43.4778], [-80.64815, 43.47788], [-80.6468, 43.47797], [-80.6444, 43.47815], [-80.64358, 43.47821], [-80.64277, 43.47826], [-80.64231, 43.4783], [-80.63856, 43.47859], [-80.6384, 43.4786], [-80.63521, 43.47885], [-80.63503, 43.47886], [-80.63488, 43.47887], [-80.63469, 43.47889], [-80.63443, 43.47891], [-80.63403, 43.47894], [-80.63196, 43.47913], [-80.63085, 43.47922], [-80.62622, 43.47962], [-80.62598, 43.47969], [-80.62356, 43.47752], [-80.62345, 43.47743], [-80.62185, 43.47599], [-80.62154, 43.47571], [-80.61965, 43.47402], [-80.61788, 43.47244], [-80.61725, 43.47187], [-80.61661, 43.4713], [-80.61647, 43.47117], [-80.61632, 43.47105], [-80.61368, 43.46868], [-80.61285, 43.46793], [-80.61127, 43.46652], [-80.61057, 43.46589], [-80.61027, 43.46562], [-80.60835, 43.4639], [-80.60652, 43.46226], [-80.60066, 43.45697], [-80.5995, 43.45592], [-80.59781, 43.45439], [-80.5951, 43.45194], [-80.59142, 43.44859], [-80.59071, 43.44794], [-80.58743, 43.44497], [-80.58633, 43.44397], [-80.58483, 43.44261], [-80.5843, 43.44212], [-80.58393, 43.44179], [-80.58198, 43.44003], [-80.57982, 43.43808], [-80.57763, 43.43608], [-80.57532, 43.43396], [-80.57346, 43.43227], [-80.57224, 43.43116], [-80.57218, 43.4311], [-80.57206, 43.43099], [-80.57188, 43.43083], [-80.56713, 43.42648], [-80.56698, 43.42634], [-80.56692, 43.42629], [-80.56665, 43.42604], [-80.56619, 43.42561], [-80.56569, 43.42514], [-80.56514, 43.42464], [-80.56464, 43.42418], [-80.56417, 43.42376], [-80.56354, 43.42319], [-80.56256, 43.42231], [-80.56072, 43.42066], [-80.56064, 43.42059], [-80.56059, 43.42054], [-80.56054, 43.4205], [-80.56055, 43.42049], [-80.5605, 43.42045], [-80.5604, 43.42036], [-80.56037, 43.42033], [-80.55916, 43.41922], [-80.55887, 43.41897], [-80.55857, 43.41869], [-80.5583, 43.41844], [-80.55805, 43.41822], [-80.55764, 43.41785], [-80.55739, 43.41762], [-80.55717, 43.41742], [-80.55696, 43.41723], [-80.55649, 43.4168], [-80.55602, 43.41638], [-80.55577, 43.41615], [-80.55571, 43.4161], [-80.55555, 43.41595], [-80.55539, 43.41581], [-80.55523, 43.41566], [-80.55509, 43.41553], [-80.55498, 43.41544], [-80.55495, 43.41541], [-80.55471, 43.41519], [-80.55447, 43.41497], [-80.55416, 43.41469], [-80.55411, 43.41464], [-80.55386, 43.41442], [-80.55374, 43.41431], [-80.55284, 43.4135], [-80.55244, 43.41313], [-80.55243, 43.41312], [-80.55128, 43.41207], [-80.55128, 43.41207], [-80.54935, 43.41033], [-80.54853, 43.40958], [-80.54803, 43.40913], [-80.57257, 43.4083], [-80.58663, 43.40778], [-80.59029, 43.40732], [-80.59671, 43.40579], [-80.63165, 43.39744], [-80.63211, 43.39774], [-80.63444, 43.39984], [-80.63749, 43.40259], [-80.64215, 43.40683], [-80.64266, 43.40728], [-80.64268, 43.40731], [-80.64315, 43.40774], [-80.64317, 43.40776], [-80.64514, 43.40955], [-80.64544, 43.40982], [-80.64913, 43.41317], [-80.6497, 43.4137], [-80.65028, 43.41423], [-80.65086, 43.41476], [-80.65144, 43.41528], [-80.65202, 43.41581], [-80.6526, 43.41633], [-80.65327, 43.41694], [-80.65421, 43.4178], [-80.65442, 43.41799], [-80.65463, 43.41818], [-80.65468, 43.41823], [-80.66217, 43.4171], [-80.66228, 43.41708], [-80.66244, 43.41705], [-80.66466, 43.41671], [-80.66507, 43.41707], [-80.66611, 43.41802], [-80.66649, 43.41837], [-80.66942, 43.41793], [-80.66942, 43.41793], [-80.6681, 43.41656], [-80.66798, 43.41644], [-80.66719, 43.41656], [-80.66695, 43.41634], [-80.6657, 43.41521], [-80.66535, 43.41489], [-80.66805, 43.41448], [-80.67147, 43.41397], [-80.67196, 43.41389], [-80.67236, 43.41436], [-80.67323, 43.41423], [-80.67282, 43.41377], [-80.67601, 43.41328], [-80.67781, 43.41488], [-80.68257, 43.41414], [-80.68289, 43.41441], [-80.68556, 43.41401], [-80.68828, 43.41646], [-80.69148, 43.41506], [-80.69092, 43.41457], [-80.69027, 43.41399], [-80.68926, 43.41308], [-80.6893, 43.41308], [-80.69299, 43.41249], [-80.70046, 43.41134], [-80.69921, 43.41021], [-80.70195, 43.40857], [-80.70434, 43.41073], [-80.70801, 43.41015], [-80.70801, 43.41015], [-80.70828, 43.41011], [-80.70845, 43.41009], [-80.709, 43.41001], [-80.70926, 43.40998], [-80.70949, 43.40994], [-80.71588, 43.40891], [-80.71629, 43.40882], [-80.71661, 43.40876], [-80.71967, 43.40812], [-80.72318, 43.40739], [-80.72692, 43.40679], [-80.73059, 43.40619], [-80.73264, 43.40589], [-80.73322, 43.40581], [-80.73427, 43.40565], [-80.73709, 43.40524], [-80.73721, 43.40522], [-80.73721, 43.40524]]]}, "properties": {"race": "wilmot-ward-2", "municipality": "wilmot", "ward": 2, "name": "Wilmot Ward 2"}}, {"type": "Feature", "geometry": {"type": "Polygon", "coordinates": [[[-80.66507, 43.41707], [-80.66466, 43.41671], [-80.66244, 43.41705], [-80.66228, 43.41708], [-80.66217, 43.4171], [-80.65468, 43.41823], [-80.65463, 43.41818], [-80.65442, 43.41799], [-80.65421, 43.4178], [-80.65327, 43.41694], [-80.6526, 43.41633], [-80.65202, 43.41581], [-80.65144, 43.41528], [-80.65086, 43.41476], [-80.65028, 43.41423], [-80.6497, 43.4137], [-80.64913, 43.41317], [-80.64544, 43.40982], [-80.64514, 43.40955], [-80.64317, 43.40776], [-80.64315, 43.40774], [-80.64268, 43.40731], [-80.64266, 43.40728], [-80.64215, 43.40683], [-80.63749, 43.40259], [-80.63444, 43.39984], [-80.63211, 43.39774], [-80.63165, 43.39744], [-80.63125, 43.39695], [-80.62914, 43.39502], [-80.6273, 43.3934], [-80.62225, 43.38885], [-80.62087, 43.3876], [-80.62016, 43.38696], [-80.62011, 43.38686], [-80.6184, 43.38711], [-80.61837, 43.387], [-80.61806, 43.38593], [-80.61653, 43.38616], [-80.61564, 43.38287], [-80.6142, 43.38156], [-80.61223, 43.37981], [-80.60992, 43.37773], [-80.60837, 43.37632], [-80.60831, 43.37623], [-80.61606, 43.37507], [-80.6225, 43.37417], [-80.62879, 43.3732], [-80.63013, 43.37299], [-80.63107, 43.37278], [-80.636, 43.37204], [-80.64648, 43.37052], [-80.66162, 43.36822], [-80.67347, 43.37875], [-80.69659, 43.3996], [-80.70557, 43.40783], [-80.70629, 43.40834], [-80.70926, 43.40998], [-80.709, 43.41001], [-80.70845, 43.41009], [-80.70828, 43.41011], [-80.70801, 43.41015], [-80.70801, 43.41015], [-80.70434, 43.41073], [-80.70195, 43.40857], [-80.69921, 43.41021], [-80.70046, 43.41134], [-80.69299, 43.41249], [-80.6893, 43.41308], [-80.68926, 43.41308], [-80.69027, 43.41399], [-80.69092, 43.41457], [-80.69148, 43.41506], [-80.68828, 43.41646], [-80.68556, 43.41401], [-80.68289, 43.41441], [-80.68257, 43.41414], [-80.67781, 43.41488], [-80.67601, 43.41328], [-80.67282, 43.41377], [-80.67323, 43.41423], [-80.67236, 43.41436], [-80.67196, 43.41389], [-80.67147, 43.41397], [-80.66805, 43.41448], [-80.66535, 43.41489], [-80.6657, 43.41521], [-80.66695, 43.41634], [-80.66719, 43.41656], [-80.66798, 43.41644], [-80.6681, 43.41656], [-80.66942, 43.41793], [-80.66942, 43.41793], [-80.66649, 43.41837], [-80.66611, 43.41802], [-80.66507, 43.41707]]]}, "properties": {"race": "wilmot-ward-3", "municipality": "wilmot", "ward": 3, "name": "Wilmot Ward 3"}}, {"type": "Feature", "geometry": {"type": "Polygon", "coordinates": [[[-80.73721, 43.40522], [-80.73709, 43.40524], [-80.73427, 43.40565], [-80.73322, 43.40581], [-80.73264, 43.40589], [-80.73059, 43.40619], [-80.72692, 43.40679], [-80.72318, 43.40739], [-80.71967, 43.40812], [-80.71661, 43.40876], [-80.71629, 43.40882], [-80.71588, 43.40891], [-80.70949, 43.40994], [-80.70926, 43.40998], [-80.70629, 43.40834], [-80.70557, 43.40783], [-80.69659, 43.3996], [-80.67347, 43.37875], [-80.66162, 43.36822], [-80.66896, 43.36703], [-80.67224, 43.36642], [-80.67429, 43.36597], [-80.67682, 43.36555], [-80.67692, 43.3655], [-80.68157, 43.36478], [-80.68461, 43.36431], [-80.68564, 43.36371], [-80.68614, 43.36417], [-80.68735, 43.36398], [-80.68735, 43.3639], [-80.68772, 43.36352], [-80.6883, 43.3637], [-80.69189, 43.36315], [-80.69224, 43.36313], [-80.70733, 43.3609], [-80.73591, 43.3566], [-80.73631, 43.36781], [-80.73633, 43.36839], [-80.73635, 43.36903], [-80.73635, 43.36907], [-80.73636, 43.36918], [-80.73636, 43.36922], [-80.73638, 43.3702], [-80.73653, 43.37447], [-80.73653, 43.37474], [-80.73658, 43.37614], [-80.7366, 43.37669], [-80.73669, 43.37944], [-80.73688, 43.38725], [-80.73688, 43.38725], [-80.73688, 43.38743], [-80.737, 43.39313], [-80.73706, 43.39651], [-80.73711, 43.39877], [-80.73713, 43.39963], [-80.73722, 43.40406], [-80.73721, 43.40522]]]}, "properties": {"race": "wilmot-ward-4", "municipality": "wilmot", "ward": 4, "name": "Wilmot Ward 4"}}, {"type": "Feature", "geometry": {"type": "Polygon", "coordinates": [[[-80.47776, 43.28251], [-80.47769, 43.28253], [-80.47075, 43.284], [-80.46927, 43.28431], [-80.46578, 43.28506], [-80.46551, 43.28513], [-80.46545, 43.28514], [-80.46516, 43.28522], [-80.46487, 43.28529], [-80.46456, 43.28537], [-80.46428, 43.28545], [-80.4642, 43.28548], [-80.46398, 43.28559], [-80.46371, 43.28574], [-80.46349, 43.28585], [-80.46338, 43.28591], [-80.46328, 43.28598], [-80.46212, 43.28666], [-80.45956, 43.28819], [-80.45913, 43.28845], [-80.45923, 43.28854], [-80.45788, 43.28933], [-80.45776, 43.28941], [-80.45769, 43.28936], [-80.45642, 43.29011], [-80.45631, 43.29017], [-80.45567, 43.2897], [-80.45486, 43.28912], [-80.45377, 43.28835], [-80.45321, 43.28794], [-80.4527, 43.28758], [-80.45204, 43.28711], [-80.45167, 43.28685], [-80.45156, 43.28675], [-80.45147, 43.28665], [-80.45138, 43.28651], [-80.45131, 43.28635], [-80.45101, 43.28572], [-80.45084, 43.28541], [-80.45043, 43.28552], [-80.44984, 43.28564], [-80.44834, 43.28576], [-80.44778, 43.2858], [-80.44687, 43.28586], [-80.44675, 43.28586], [-80.44664, 43.28589], [-80.44653, 43.28595], [-80.44646, 43.28598], [-80.4464, 43.28604], [-80.44628, 43.28622], [-80.44619, 43.28644], [-80.44619, 43.28662], [-80.44624, 43.28679], [-80.44634, 43.28703], [-80.44659, 43.28765], [-80.44615, 43.28772], [-80.4456, 43.28781], [-80.44536, 43.28785], [-80.44513, 43.28787], [-80.44482, 43.28787], [-80.44458, 43.28787], [-80.44432, 43.28785], [-80.44393, 43.28779], [-80.44316, 43.28763], [-80.44215, 43.28743], [-80.44194, 43.28739], [-80.44175, 43.28735], [-80.4415, 43.28731], [-80.44129, 43.2873], [-80.44113, 43.2873], [-80.44096, 43.28732], [-80.44054, 43.28735], [-80.43919, 43.28761], [-80.43712, 43.28798], [-80.43417, 43.28849], [-80.43227, 43.28882], [-80.42686, 43.28973], [-80.42607, 43.28789], [-80.4258, 43.28731], [-80.42561, 43.28678], [-80.42542, 43.28642], [-80.42525, 43.28619], [-80.42513, 43.28605], [-80.42498, 43.28596], [-80.42476, 43.28592], [-80.4245, 43.2859], [-80.4243, 43.28586], [-80.42413, 43.28577], [-80.424, 43.28566], [-80.4239, 43.2855], [-80.42376, 43.28521], [-80.42368, 43.28496], [-80.42366, 43.28478], [-80.42366, 43.28454], [-80.42368, 43.28424], [-80.42385, 43.28376], [-80.42403, 43.28331], [-80.42406, 43.28321], [-80.42407, 43.2831], [-80.42405, 43.28294], [-80.42388, 43.2825], [-80.42359, 43.28177], [-80.42342, 43.2814], [-80.42299, 43.28033], [-80.42203, 43.27797], [-80.421, 43.27553], [-80.4246, 43.2749], [-80.428, 43.27431], [-80.43127, 43.27374], [-80.43403, 43.27325], [-80.43622, 43.27285], [-80.4419, 43.27189], [-80.44499, 43.27134], [-80.44993, 43.27049], [-80.45331, 43.26991], [-80.45736, 43.26921], [-80.45965, 43.26882], [-80.46304, 43.26824], [-80.46641, 43.26768], [-80.46908, 43.26723], [-80.47101, 43.26691], [-80.47155, 43.26681], [-80.47163, 43.26703], [-80.47188, 43.26765], [-80.47225, 43.26858], [-80.47299, 43.27042], [-80.47382, 43.27252], [-80.47472, 43.27476], [-80.47567, 43.27718], [-80.47693, 43.28039], [-80.47718, 43.28103], [-80.47721, 43.28111], [-80.47771, 43.28238], [-80.47776, 43.28251]]]}, "properties": {"race": "north-dumfries-ward-1", "municipality": "north-dumfries", "ward": 1, "name": "North Dumfries Ward 1"}}, {"type": "Feature", "geometry": {"type": "Polygon", "coordinates": [[[-80.47788, 43.2828], [-80.47818, 43.28354], [-80.48016, 43.28843], [-80.48156, 43.29199], [-80.48185, 43.29275], [-80.48215, 43.29351], [-80.4824, 43.29414], [-80.48261, 43.2947], [-80.48278, 43.29513], [-80.48288, 43.29539], [-80.483, 43.29569], [-80.48312, 43.29601], [-80.48324, 43.29631], [-80.48339, 43.29671], [-80.48356, 43.29711], [-80.48367, 43.29737], [-80.4838, 43.29772], [-80.48394, 43.29808], [-80.4841, 43.29852], [-80.48422, 43.29882], [-80.48432, 43.29905], [-80.48443, 43.29927], [-80.48454, 43.29958], [-80.48477, 43.30016], [-80.48517, 43.30118], [-80.48597, 43.30319], [-80.48752, 43.30714], [-80.48845, 43.30949], [-80.48373, 43.31025], [-80.4817, 43.31056], [-80.47864, 43.31109], [-80.47628, 43.31148], [-80.47602, 43.31154], [-80.47097, 43.31238], [-80.46474, 43.31344], [-80.45937, 43.31437], [-80.45613, 43.31493], [-80.45299, 43.31548], [-80.45046, 43.31592], [-80.44725, 43.31647], [-80.44488, 43.31688], [-80.44385, 43.31703], [-80.44205, 43.31738], [-80.43846, 43.31797], [-80.43762, 43.31588], [-80.43698, 43.31433], [-80.43644, 43.31305], [-80.43619, 43.31246], [-80.43604, 43.31206], [-80.436, 43.31187], [-80.436, 43.31171], [-80.43611, 43.31126], [-80.43612, 43.31115], [-80.4361, 43.31104], [-80.43603, 43.31092], [-80.43584, 43.31068], [-80.43572, 43.31058], [-80.43537, 43.31027], [-80.43525, 43.31014], [-80.4352, 43.31005], [-80.43506, 43.30967], [-80.43495, 43.30937], [-80.43481, 43.30911], [-80.43463, 43.30881], [-80.43451, 43.30845], [-80.43423, 43.30765], [-80.43408, 43.30729], [-80.43322, 43.30525], [-80.43262, 43.3038], [-80.43188, 43.30392], [-80.43116, 43.30213], [-80.43044, 43.30043], [-80.43017, 43.29975], [-80.42871, 43.29628], [-80.42833, 43.29534], [-80.42765, 43.29358], [-80.42725, 43.29267], [-80.42661, 43.29119], [-80.42608, 43.28986], [-80.42686, 43.28973], [-80.42927, 43.28932], [-80.43227, 43.28882], [-80.43395, 43.28852], [-80.43524, 43.2883], [-80.43757, 43.2879], [-80.43834, 43.28777], [-80.43892, 43.28766], [-80.43928, 43.2876], [-80.44054, 43.28735], [-80.44096, 43.28732], [-80.44113, 43.2873], [-80.44129, 43.2873], [-80.4415, 43.28731], [-80.44175, 43.28735], [-80.44334, 43.28767], [-80.44393, 43.28779], [-80.44432, 43.28785], [-80.44458, 43.28787], [-80.44482, 43.28787], [-80.44513, 43.28787], [-80.44536, 43.28785], [-80.44615, 43.28772], [-80.44659, 43.28765], [-80.44634, 43.28703], [-80.44624, 43.28679], [-80.44619, 43.28662], [-80.44619, 43.28644], [-80.44628, 43.28622], [-80.4464, 43.28604], [-80.44646, 43.28598], [-80.44653, 43.28595], [-80.44664, 43.28589], [-80.44675, 43.28586], [-80.44687, 43.28586], [-80.44834, 43.28576], [-80.44984, 43.28564], [-80.45043, 43.28552], [-80.45084, 43.28541], [-80.45101, 43.28572], [-80.45138, 43.28651], [-80.45147, 43.28665], [-80.45156, 43.28675], [-80.45167, 43.28685], [-80.4527, 43.28758], [-80.45377, 43.28835], [-80.45486, 43.28912], [-80.45567, 43.2897], [-80.45631, 43.29017], [-80.45642, 43.29011], [-80.45769, 43.28936], [-80.45776, 43.28941], [-80.45788, 43.28933], [-80.45818, 43.28916], [-80.45923, 43.28854], [-80.45913, 43.28845], [-80.45956, 43.28819], [-80.46077, 43.28747], [-80.46212, 43.28666], [-80.46328, 43.28598], [-80.46338, 43.28591], [-80.46349, 43.28585], [-80.46371, 43.28574], [-80.46398, 43.28559], [-80.4642, 43.28548], [-80.46428, 43.28545], [-80.46456, 43.28537], [-80.46487, 43.28529], [-80.46516, 43.28522], [-80.46545, 43.28514], [-80.46551, 43.28513], [-80.46578, 43.28506], [-80.46927, 43.28431], [-80.47075, 43.284], [-80.47482, 43.28314], [-80.47769, 43.28253], [-80.47776, 43.28251], [-80.47783, 43.28269], [-80.47788, 43.2828]]]}, "properties": {"race": "north-dumfries-ward-2", "municipality": "north-dumfries", "ward": 2, "name": "North Dumfries Ward 2"}}, {"type": "Feature", "geometry": {"type": "Polygon", "coordinates": [[[-80.48845, 43.30949], [-80.48854, 43.30973], [-80.48908, 43.31112], [-80.49158, 43.31764], [-80.49394, 43.3236], [-80.49449, 43.32508], [-80.49571, 43.3282], [-80.49692, 43.33124], [-80.49802, 43.33402], [-80.49933, 43.33733], [-80.49977, 43.33844], [-80.50105, 43.34164], [-80.50232, 43.34482], [-80.50363, 43.34806], [-80.5043, 43.34971], [-80.50597, 43.35385], [-80.50085, 43.35464], [-80.49857, 43.35503], [-80.49383, 43.35585], [-80.48684, 43.35708], [-80.48146, 43.35803], [-80.4774, 43.35874], [-80.47305, 43.35949], [-80.46878, 43.36022], [-80.46561, 43.36076], [-80.46081, 43.3616], [-80.45535, 43.36255], [-80.45267, 43.36301], [-80.45066, 43.36328], [-80.44762, 43.36382], [-80.44667, 43.36398], [-80.44562, 43.36418], [-80.44277, 43.36472], [-80.4393, 43.36538], [-80.4379, 43.36562], [-80.43509, 43.3661], [-80.4333, 43.3664], [-80.43207, 43.36662], [-80.42789, 43.36734], [-80.42724, 43.36748], [-80.4237, 43.3681], [-80.42248, 43.36832], [-80.4223, 43.36833], [-80.42211, 43.36837], [-80.41949, 43.36886], [-80.41721, 43.36924], [-80.41527, 43.36958], [-80.41443, 43.36973], [-80.41358, 43.36989], [-80.41308, 43.36996], [-80.41283, 43.37001], [-80.4103, 43.37045], [-80.4089, 43.37071], [-80.40736, 43.371], [-80.40509, 43.37139], [-80.40358, 43.37165], [-80.40236, 43.37186], [-80.40172, 43.37197], [-80.398, 43.37261], [-80.39466, 43.37318], [-80.39441, 43.37322], [-80.39189, 43.37366], [-80.39005, 43.374], [-80.38749, 43.37445], [-80.38543, 43.37479], [-80.38246, 43.37528], [-80.37874, 43.37596], [-80.37787, 43.37611], [-80.37774, 43.37616], [-80.37752, 43.37618], [-80.37421, 43.37678], [-80.36747, 43.37801], [-80.36794, 43.37918], [-80.36875, 43.38118], [-80.36937, 43.38274], [-80.36946, 43.38304], [-80.37024, 43.38311], [-80.37063, 43.38313], [-80.37103, 43.38316], [-80.37167, 43.38318], [-80.37737, 43.38338], [-80.37774, 43.38549], [-80.37748, 43.38584], [-80.37726, 43.38607], [-80.377, 43.38628], [-80.37676, 43.38647], [-80.37652, 43.38659], [-80.37624, 43.38671], [-80.37572, 43.38684], [-80.37555, 43.38692], [-80.37514, 43.38704], [-80.37464, 43.38709], [-80.37406, 43.38717], [-80.37386, 43.38706], [-80.37386, 43.38698], [-80.37389, 43.38692], [-80.37394, 43.38679], [-80.37375, 43.38666], [-80.37378, 43.3866], [-80.37404, 43.38651], [-80.37446, 43.38633], [-80.37467, 43.38625], [-80.37473, 43.38622], [-80.3748, 43.38618], [-80.37476, 43.38614], [-80.37431, 43.38619], [-80.37406, 43.38624], [-80.37352, 43.3864], [-80.37322, 43.38636], [-80.37289, 43.38633], [-80.37268, 43.38625], [-80.37238, 43.38615], [-80.37217, 43.38607], [-80.37192, 43.38597], [-80.3718, 43.38598], [-80.37161, 43.386], [-80.37146, 43.38602], [-80.37129, 43.38604], [-80.37091, 43.38604], [-80.3706, 43.38605], [-80.37016, 43.38603], [-80.36974, 43.38601], [-80.36955, 43.38607], [-80.36944, 43.3861], [-80.36927, 43.38611], [-80.36906, 43.38611], [-80.36891, 43.38609], [-80.36882, 43.38606], [-80.36859, 43.38601], [-80.36851, 43.38602], [-80.36834, 43.38599], [-80.36824, 43.38601], [-80.36787, 43.38599], [-80.36772, 43.38593], [-80.36741, 43.38592], [-80.36721, 43.38594], [-80.36707, 43.3859], [-80.36678, 43.38586], [-80.36652, 43.38577], [-80.36633, 43.38576], [-80.36621, 43.38572], [-80.36606, 43.38572], [-80.36593, 43.38571], [-80.36584, 43.38566], [-80.36583, 43.38559], [-80.36559, 43.38538], [-80.3652, 43.38522], [-80.36487, 43.38497], [-80.36475, 43.38492], [-80.36461, 43.38484], [-80.36433, 43.38471], [-80.3638, 43.38435], [-80.36389, 43.38425], [-80.36396, 43.3841], [-80.36394, 43.38403], [-80.36387, 43.38399], [-80.36374, 43.38398], [-80.36345, 43.38408], [-80.36335, 43.38413], [-80.36326, 43.38412], [-80.36304, 43.38402], [-80.36296, 43.38399], [-80.36266, 43.38378], [-80.36232, 43.38362], [-80.36213, 43.38355], [-80.36204, 43.38353], [-80.3617, 43.38346], [-80.36148, 43.38344], [-80.36121, 43.38357], [-80.36096, 43.3837], [-80.3607, 43.38379], [-80.36054, 43.38382], [-80.36032, 43.38383], [-80.36018, 43.38386], [-80.36005, 43.38389], [-80.35997, 43.38381], [-80.35995, 43.3837], [-80.36006, 43.38366], [-80.36024, 43.38359], [-80.36018, 43.38357], [-80.36002, 43.38359], [-80.3599, 43.38365], [-80.35981, 43.38367], [-80.35967, 43.38365], [-80.35957, 43.38369], [-80.3595, 43.38376], [-80.35947, 43.38385], [-80.35934, 43.38391], [-80.35906, 43.38398], [-80.35875, 43.38407], [-80.35854, 43.3841], [-80.35823, 43.38412], [-80.35779, 43.38413], [-80.35742, 43.38417], [-80.35704, 43.38423], [-80.3568, 43.38423], [-80.3557, 43.38425], [-80.35561, 43.38424], [-80.35564, 43.38417], [-80.35572, 43.38416], [-80.35584, 43.38408], [-80.35583, 43.38402], [-80.35557, 43.38403], [-80.35527, 43.38409], [-80.35502, 43.3841], [-80.35447, 43.38423], [-80.35428, 43.3843], [-80.35413, 43.38437], [-80.35383, 43.38452], [-80.35341, 43.38465], [-80.35329, 43.38473], [-80.35283, 43.38491], [-80.35262, 43.38501], [-80.35223, 43.38509], [-80.35214, 43.38511], [-80.35183, 43.38515], [-80.35156, 43.38521], [-80.35117, 43.38527], [-80.35096, 43.38533], [-80.35073, 43.38535], [-80.35058, 43.38539], [-80.35047, 43.38541], [-80.35006, 43.38551], [-80.34974, 43.38557], [-80.34936, 43.38561], [-80.34912, 43.38565], [-80.3489, 43.38568], [-80.34855, 43.38564], [-80.34835, 43.38565], [-80.34817, 43.38568], [-80.34749, 43.38568], [-80.34738, 43.38566], [-80.347, 43.3856], [-80.34672, 43.38554], [-80.34659, 43.38549], [-80.34634, 43.38542], [-80.34607, 43.38531], [-80.34561, 43.3852], [-80.34544, 43.38515], [-80.34504, 43.38499], [-80.34469, 43.38477], [-80.34441, 43.38469], [-80.34429, 43.38458], [-80.34407, 43.38425], [-80.34383, 43.38409], [-80.34377, 43.38408], [-80.34352, 43.38398], [-80.34333, 43.38389], [-80.34313, 43.38374], [-80.34276, 43.3835], [-80.34247, 43.38331], [-80.34212, 43.38302], [-80.34204, 43.38285], [-80.34194, 43.38276], [-80.34181, 43.38254], [-80.34172, 43.38238], [-80.34168, 43.38222], [-80.34165, 43.38215], [-80.34161, 43.382], [-80.34154, 43.3819], [-80.34155, 43.38176], [-80.34159, 43.38162], [-80.34158, 43.38155], [-80.34156, 43.38124], [-80.34155, 43.38108], [-80.34144, 43.38086], [-80.34136, 43.38069], [-80.34132, 43.38057], [-80.3413, 43.3803], [-80.34133, 43.38017], [-80.34135, 43.38004], [-80.34131, 43.3799], [-80.34119, 43.37979], [-80.34113, 43.37956], [-80.34111, 43.37938], [-80.34108, 43.37911], [-80.34103, 43.37899], [-80.34107, 43.37897], [-80.34116, 43.37901], [-80.34127, 43.37909], [-80.34129, 43.37903], [-80.34119, 43.37886], [-80.34117, 43.37877], [-80.34111, 43.37867], [-80.34096, 43.37848], [-80.34081, 43.37826], [-80.34071, 43.37813], [-80.34065, 43.378], [-80.34056, 43.37787], [-80.34042, 43.37771], [-80.34017, 43.3774], [-80.34008, 43.37733], [-80.33999, 43.37729], [-80.33983, 43.37716], [-80.33971, 43.37703], [-80.33945, 43.37692], [-80.33932, 43.37684], [-80.33918, 43.37679], [-80.33891, 43.3766], [-80.33872, 43.37651], [-80.3385, 43.37639], [-80.33836, 43.37634], [-80.33791, 43.37607], [-80.33854, 43.37598], [-80.33892, 43.37591], [-80.33977, 43.37574], [-80.34049, 43.3756], [-80.34151, 43.37542], [-80.34229, 43.37528], [-80.34448, 43.37487], [-80.34623, 43.37455], [-80.34775, 43.37428], [-80.34961, 43.37396], [-80.34882, 43.37193], [-80.34855, 43.37125], [-80.34799, 43.3699], [-80.34798, 43.36972], [-80.34796, 43.36953], [-80.34793, 43.36935], [-80.34791, 43.36926], [-80.34785, 43.36899], [-80.34778, 43.36872], [-80.34766, 43.36837], [-80.34683, 43.36631], [-80.34611, 43.36452], [-80.34544, 43.36287], [-80.34495, 43.36162], [-80.34399, 43.35922], [-80.34394, 43.35909], [-80.3439, 43.35899], [-80.34476, 43.35909], [-80.34527, 43.35924], [-80.34504, 43.35867], [-80.34539, 43.35859], [-80.34572, 43.35851], [-80.34974, 43.35751], [-80.34936, 43.35656], [-80.34902, 43.35571], [-80.34876, 43.35506], [-80.34845, 43.35428], [-80.34817, 43.35357], [-80.34802, 43.35321], [-80.34769, 43.35238], [-80.34763, 43.35223], [-80.34476, 43.35273], [-80.34233, 43.35316], [-80.34202, 43.35117], [-80.34177, 43.34952], [-80.34174, 43.34931], [-80.34172, 43.34919], [-80.34306, 43.34897], [-80.343, 43.34873], [-80.34298, 43.34865], [-80.34289, 43.34826], [-80.34283, 43.34798], [-80.34276, 43.34768], [-80.34269, 43.34739], [-80.34264, 43.34719], [-80.3426, 43.34702], [-80.34257, 43.3469], [-80.34255, 43.34678], [-80.34252, 43.34666], [-80.34247, 43.34647], [-80.34244, 43.34632], [-80.34243, 43.34628], [-80.34237, 43.34608], [-80.34233, 43.34592], [-80.34227, 43.34571], [-80.34221, 43.3455], [-80.34217, 43.34538], [-80.34214, 43.34526], [-80.3421, 43.34514], [-80.34207, 43.34502], [-80.34204, 43.34489], [-80.342, 43.34477], [-80.34197, 43.34465], [-80.34193, 43.34453], [-80.3419, 43.34441], [-80.34187, 43.34429], [-80.34183, 43.34417], [-80.34178, 43.34398], [-80.34171, 43.34373], [-80.34165, 43.34355], [-80.34157, 43.34325], [-80.3415, 43.34301], [-80.34147, 43.34289], [-80.34144, 43.34277], [-80.3414, 43.34265], [-80.34137, 43.34253], [-80.34133, 43.3424], [-80.34132, 43.34237], [-80.3413, 43.34228], [-80.34125, 43.34214], [-80.34116, 43.34179], [-80.34165, 43.34172], [-80.34151, 43.34135], [-80.34138, 43.34102], [-80.34133, 43.34092], [-80.34129, 43.34081], [-80.34124, 43.34071], [-80.3412, 43.3406], [-80.34115, 43.3405], [-80.34111, 43.3404], [-80.34106, 43.34029], [-80.34102, 43.34019], [-80.34097, 43.34008], [-80.34093, 43.33998], [-80.34088, 43.33987], [-80.34084, 43.33977], [-80.34079, 43.33967], [-80.34075, 43.33956], [-80.3407, 43.33946], [-80.34066, 43.33935], [-80.34062, 43.33925], [-80.34057, 43.33914], [-80.34053, 43.33904], [-80.34049, 43.33893], [-80.34045, 43.33883], [-80.3404, 43.33872], [-80.34036, 43.33862], [-80.34033, 43.33854], [-80.34023, 43.33831], [-80.33869, 43.33794], [-80.33758, 43.33712], [-80.3374, 43.33698], [-80.33633, 43.33619], [-80.3352, 43.33536], [-80.33498, 43.33521], [-80.33437, 43.33475], [-80.33428, 43.33468], [-80.33418, 43.33462], [-80.33409, 43.33456], [-80.33399, 43.3345], [-80.33391, 43.33446], [-80.33383, 43.33441], [-80.33371, 43.33435], [-80.33358, 43.33429], [-80.33346, 43.33424], [-80.33333, 43.33419], [-80.3332, 43.33414], [-80.33308, 43.3341], [-80.33296, 43.33406], [-80.33284, 43.33402], [-80.33259, 43.33396], [-80.33251, 43.33393], [-80.33198, 43.33379], [-80.33154, 43.33367], [-80.33132, 43.33361], [-80.33112, 43.33355], [-80.33072, 43.33344], [-80.33034, 43.33335], [-80.33022, 43.33333], [-80.32809, 43.33302], [-80.32701, 43.33249], [-80.32636, 43.33244], [-80.32604, 43.33242], [-80.32588, 43.33242], [-80.32572, 43.33241], [-80.3254, 43.3324], [-80.32475, 43.3324], [-80.32445, 43.3324], [-80.32411, 43.33241], [-80.32382, 43.33242], [-80.32353, 43.33244], [-80.32324, 43.33246], [-80.32295, 43.33248], [-80.32267, 43.33251], [-80.32242, 43.33253], [-80.32215, 43.33256], [-80.32173, 43.33262], [-80.32165, 43.33266], [-80.32146, 43.33275], [-80.32012, 43.33296], [-80.318, 43.33326], [-80.31776, 43.33018], [-80.3181, 43.32752], [-80.31668, 43.32449], [-80.31476, 43.32284], [-80.31419, 43.32137], [-80.31461, 43.31954], [-80.31432, 43.31721], [-80.31285, 43.31493], [-80.31147, 43.31264], [-80.3104, 43.31131], [-80.31018, 43.30968], [-80.31104, 43.30745], [-80.31201, 43.30496], [-80.31248, 43.30259], [-80.31402, 43.30033], [-80.31548, 43.29828], [-80.31598, 43.29654], [-80.31717, 43.29484], [-80.31852, 43.29339], [-80.31884, 43.29289], [-80.31948, 43.29278], [-80.32536, 43.29175], [-80.32707, 43.29146], [-80.3284, 43.29123], [-80.32842, 43.29126], [-80.33304, 43.29045], [-80.33889, 43.28943], [-80.34317, 43.28867], [-80.34537, 43.28829], [-80.34845, 43.28775], [-80.34978, 43.28752], [-80.3514, 43.28725], [-80.35253, 43.28706], [-80.35405, 43.2868], [-80.355, 43.28664], [-80.35547, 43.28656], [-80.35722, 43.28627], [-80.35819, 43.2861], [-80.35956, 43.28587], [-80.36075, 43.28566], [-80.362, 43.28545], [-80.36333, 43.28521], [-80.36427, 43.28505], [-80.36464, 43.28499], [-80.36646, 43.28469], [-80.36813, 43.2844], [-80.36965, 43.28414], [-80.37048, 43.28401], [-80.372, 43.28378], [-80.37301, 43.28362], [-80.37427, 43.28341], [-80.37544, 43.28319], [-80.37668, 43.283], [-80.37692, 43.28296], [-80.37814, 43.28274], [-80.37925, 43.28256], [-80.38059, 43.28233], [-80.38144, 43.28218], [-80.38235, 43.28202], [-80.38289, 43.28193], [-80.38382, 43.28179], [-80.38451, 43.28168], [-80.38545, 43.28157], [-80.38546, 43.28154], [-80.38558, 43.28152], [-80.38978, 43.28082], [-80.39295, 43.28028], [-80.39512, 43.2799], [-80.39678, 43.27962], [-80.3984, 43.27936], [-80.39996, 43.2791], [-80.40293, 43.27862], [-80.40527, 43.27823], [-80.40656, 43.27801], [-80.40949, 43.2775], [-80.41201, 43.27708], [-80.41428, 43.27668], [-80.41711, 43.27618], [-80.421, 43.27553], [-80.42163, 43.27702], [-80.42203, 43.27797], [-80.4223, 43.27863], [-80.42268, 43.27957], [-80.42303, 43.28042], [-80.42321, 43.28088], [-80.42342, 43.2814], [-80.42359, 43.28177], [-80.42362, 43.28185], [-80.42393, 43.28263], [-80.42405, 43.28294], [-80.42407, 43.2831], [-80.42406, 43.28321], [-80.42403, 43.28331], [-80.42385, 43.28376], [-80.42368, 43.28424], [-80.42366, 43.28454], [-80.42366, 43.28478], [-80.42368, 43.28496], [-80.42376, 43.28521], [-80.4239, 43.2855], [-80.424, 43.28566], [-80.42413, 43.28577], [-80.4243, 43.28586], [-80.4245, 43.2859], [-80.42476, 43.28592], [-80.42498, 43.28596], [-80.42513, 43.28605], [-80.42525, 43.28619], [-80.42542, 43.28642], [-80.42561, 43.28678], [-80.42567, 43.28694], [-80.4258, 43.28731], [-80.42609, 43.28793], [-80.42649, 43.28886], [-80.42686, 43.28973], [-80.42608, 43.28986], [-80.42632, 43.29047], [-80.42661, 43.29119], [-80.42669, 43.29138], [-80.42684, 43.29173], [-80.42708, 43.29231], [-80.42738, 43.29299], [-80.42765, 43.29358], [-80.42795, 43.29438], [-80.42826, 43.29517], [-80.42838, 43.29548], [-80.42849, 43.29574], [-80.4288, 43.29649], [-80.42901, 43.297], [-80.42945, 43.29803], [-80.42983, 43.29895], [-80.42992, 43.29915], [-80.43017, 43.29975], [-80.43044, 43.30043], [-80.43079, 43.30127], [-80.43116, 43.30213], [-80.43133, 43.30255], [-80.43166, 43.30337], [-80.43188, 43.30392], [-80.43262, 43.3038], [-80.43298, 43.30466], [-80.43316, 43.30509], [-80.43341, 43.30571], [-80.43365, 43.30628], [-80.43378, 43.30658], [-80.43401, 43.30712], [-80.43423, 43.30765], [-80.43451, 43.30845], [-80.43463, 43.30881], [-80.43468, 43.30891], [-80.43481, 43.30911], [-80.43495, 43.30937], [-80.43506, 43.30967], [-80.4352, 43.31005], [-80.43525, 43.31014], [-80.43537, 43.31027], [-80.43572, 43.31058], [-80.43584, 43.31068], [-80.43603, 43.31092], [-80.4361, 43.31104], [-80.43612, 43.31115], [-80.43611, 43.31126], [-80.43608, 43.31137], [-80.436, 43.31171], [-80.436, 43.31187], [-80.43604, 43.31206], [-80.43618, 43.31244], [-80.43624, 43.31258], [-80.43628, 43.3127], [-80.43636, 43.31287], [-80.43664, 43.31352], [-80.43677, 43.31383], [-80.43736, 43.31524], [-80.43846, 43.31797], [-80.43924, 43.31785], [-80.44205, 43.31738], [-80.44385, 43.31703], [-80.44488, 43.31688], [-80.44914, 43.31614], [-80.45299, 43.31548], [-80.45759, 43.31468], [-80.46272, 43.31379], [-80.46563, 43.31328], [-80.46876, 43.31275], [-80.47, 43.31254], [-80.47163, 43.31227], [-80.47289, 43.31206], [-80.47429, 43.31183], [-80.47602, 43.31154], [-80.47628, 43.31148], [-80.47783, 43.31122], [-80.47955, 43.31093], [-80.4817, 43.31056], [-80.48373, 43.31025], [-80.48588, 43.30991], [-80.48845, 43.30949]]]}, "properties": {"race": "north-dumfries-ward-3", "municipality": "north-dumfries", "ward": 3, "name": "North Dumfries Ward 3"}}, {"type": "Feature", "geometry": {"type": "Polygon", "coordinates": [[[-80.31884, 43.29289], [-80.31852, 43.29339], [-80.31717, 43.29484], [-80.31598, 43.29654], [-80.31548, 43.29828], [-80.31446, 43.2997], [-80.31248, 43.30259], [-80.31201, 43.30496], [-80.31112, 43.30724], [-80.31018, 43.30968], [-80.3104, 43.31131], [-80.31147, 43.31264], [-80.31258, 43.31449], [-80.31432, 43.31721], [-80.31461, 43.31954], [-80.31419, 43.32137], [-80.31476, 43.32284], [-80.31668, 43.32449], [-80.3181, 43.32752], [-80.31776, 43.33018], [-80.318, 43.33326], [-80.31668, 43.33345], [-80.31433, 43.33385], [-80.31358, 43.33398], [-80.31262, 43.33414], [-80.31022, 43.33455], [-80.30998, 43.33458], [-80.30979, 43.33461], [-80.30828, 43.33487], [-80.30795, 43.33493], [-80.3078, 43.33496], [-80.30769, 43.33498], [-80.30757, 43.335], [-80.30746, 43.33502], [-80.30735, 43.33504], [-80.30723, 43.33506], [-80.30712, 43.33508], [-80.307, 43.3351], [-80.30689, 43.33512], [-80.30677, 43.33514], [-80.30665, 43.33516], [-80.30651, 43.33518], [-80.30635, 43.33521], [-80.30624, 43.33523], [-80.30614, 43.33524], [-80.30603, 43.33526], [-80.30592, 43.33528], [-80.30581, 43.3353], [-80.3057, 43.33531], [-80.30559, 43.33533], [-80.30549, 43.33535], [-80.30538, 43.33537], [-80.30527, 43.33539], [-80.30516, 43.3354], [-80.30505, 43.33542], [-80.30495, 43.33544], [-80.30488, 43.33545], [-80.30481, 43.33546], [-80.30475, 43.33547], [-80.30466, 43.33549], [-80.30457, 43.3355], [-80.30451, 43.33552], [-80.30444, 43.33553], [-80.30437, 43.33554], [-80.30429, 43.33555], [-80.3042, 43.33557], [-80.30413, 43.33558], [-80.30406, 43.33559], [-80.304, 43.33561], [-80.30391, 43.33562], [-80.30382, 43.33563], [-80.30376, 43.33565], [-80.30369, 43.33566], [-80.30362, 43.33567], [-80.30355, 43.33568], [-80.30348, 43.33569], [-80.30342, 43.3357], [-80.30331, 43.33572], [-80.3032, 43.33574], [-80.30309, 43.33576], [-80.30298, 43.33578], [-80.30288, 43.3358], [-80.30277, 43.33581], [-80.30266, 43.33583], [-80.30255, 43.33585], [-80.30244, 43.33587], [-80.30234, 43.33589], [-80.30223, 43.33591], [-80.30212, 43.33593], [-80.30201, 43.33594], [-80.3019, 43.33596], [-80.30179, 43.33598], [-80.30169, 43.336], [-80.30162, 43.33601], [-80.30156, 43.33602], [-80.30149, 43.33603], [-80.30143, 43.33604], [-80.30136, 43.33605], [-80.30129, 43.33607], [-80.30119, 43.33608], [-80.30109, 43.3361], [-80.30102, 43.33611], [-80.30095, 43.33612], [-80.30089, 43.33614], [-80.30082, 43.33615], [-80.30076, 43.33616], [-80.30065, 43.33618], [-80.30055, 43.33619], [-80.30048, 43.3362], [-80.30042, 43.33622], [-80.30035, 43.33623], [-80.30028, 43.33624], [-80.30022, 43.33625], [-80.30015, 43.33626], [-80.30005, 43.33628], [-80.29994, 43.3363], [-80.2994, 43.33639], [-80.29897, 43.33646], [-80.29852, 43.33654], [-80.29807, 43.33661], [-80.29762, 43.33669], [-80.29739, 43.33673], [-80.29674, 43.33684], [-80.2962, 43.33693], [-80.29565, 43.33702], [-80.29529, 43.33708], [-80.29475, 43.33717], [-80.2941, 43.33728], [-80.29325, 43.33742], [-80.29226, 43.33759], [-80.29182, 43.33766], [-80.29139, 43.33773], [-80.29084, 43.33782], [-80.2905, 43.33786], [-80.28995, 43.33793], [-80.28932, 43.33799], [-80.28894, 43.33802], [-80.28871, 43.33804], [-80.28848, 43.33806], [-80.28824, 43.33807], [-80.28768, 43.33809], [-80.28712, 43.33811], [-80.28655, 43.33811], [-80.28617, 43.33811], [-80.28562, 43.33809], [-80.2846, 43.33805], [-80.28423, 43.33802], [-80.28345, 43.33798], [-80.28259, 43.33793], [-80.28169, 43.33788], [-80.28067, 43.33783], [-80.27871, 43.33772], [-80.27733, 43.33764], [-80.27609, 43.33757], [-80.27548, 43.33755], [-80.27498, 43.33755], [-80.27467, 43.33755], [-80.2742, 43.33757], [-80.2738, 43.3376], [-80.27335, 43.33764], [-80.27313, 43.33767], [-80.27283, 43.33771], [-80.27259, 43.33774], [-80.27235, 43.33778], [-80.27211, 43.33782], [-80.27186, 43.33787], [-80.27157, 43.33793], [-80.27127, 43.338], [-80.27104, 43.33806], [-80.2708, 43.33812], [-80.27056, 43.33819], [-80.27032, 43.33826], [-80.27005, 43.33835], [-80.26976, 43.33845], [-80.26929, 43.33862], [-80.2686, 43.33892], [-80.26815, 43.33913], [-80.26772, 43.33935], [-80.26752, 43.33947], [-80.26731, 43.33959], [-80.26711, 43.33972], [-80.26691, 43.33984], [-80.2667, 43.33998], [-80.26649, 43.34013], [-80.26629, 43.34028], [-80.26609, 43.34043], [-80.26589, 43.34059], [-80.26571, 43.34075], [-80.26553, 43.3409], [-80.26535, 43.34106], [-80.26519, 43.34123], [-80.26502, 43.34139], [-80.26487, 43.34156], [-80.26471, 43.34173], [-80.2643, 43.34226], [-80.2639, 43.34283], [-80.26376, 43.34306], [-80.26366, 43.34324], [-80.26357, 43.34342], [-80.26348, 43.3436], [-80.26339, 43.34378], [-80.26331, 43.34396], [-80.26324, 43.34415], [-80.2632, 43.34427], [-80.26296, 43.34422], [-80.26265, 43.34416], [-80.26234, 43.34409], [-80.26204, 43.34402], [-80.26171, 43.34393], [-80.26144, 43.34386], [-80.26114, 43.34378], [-80.26084, 43.34369], [-80.26055, 43.3436], [-80.26002, 43.34342], [-80.25865, 43.34295], [-80.25856, 43.34292], [-80.25853, 43.34296], [-80.25813, 43.34281], [-80.25714, 43.34244], [-80.25622, 43.34211], [-80.255, 43.34165], [-80.25457, 43.34149], [-80.25405, 43.3413], [-80.25352, 43.3411], [-80.25301, 43.34091], [-80.25242, 43.34069], [-80.25185, 43.34048], [-80.25149, 43.34121], [-80.25194, 43.34238], [-80.25205, 43.34265], [-80.25273, 43.34441], [-80.25375, 43.34707], [-80.25424, 43.34836], [-80.25483, 43.34988], [-80.25578, 43.35231], [-80.25664, 43.35458], [-80.25712, 43.35568], [-80.25825, 43.35862], [-80.25835, 43.35889], [-80.25878, 43.35998], [-80.25894, 43.3604], [-80.25986, 43.36273], [-80.26056, 43.36451], [-80.26158, 43.3671], [-80.26279, 43.37012], [-80.26352, 43.37192], [-80.26486, 43.37532], [-80.26609, 43.37843], [-80.26661, 43.37971], [-80.26686, 43.38031], [-80.26699, 43.3807], [-80.26719, 43.38122], [-80.26732, 43.38159], [-80.26749, 43.38199], [-80.2679, 43.38294], [-80.26835, 43.384], [-80.2687, 43.38483], [-80.26888, 43.38524], [-80.26929, 43.38622], [-80.26926, 43.38627], [-80.26951, 43.38695], [-80.26927, 43.38699], [-80.26924, 43.38691], [-80.2681, 43.3871], [-80.26719, 43.38725], [-80.26629, 43.3874], [-80.26485, 43.38764], [-80.2631, 43.38793], [-80.26186, 43.38814], [-80.26073, 43.38832], [-80.26049, 43.38836], [-80.25847, 43.38869], [-80.25668, 43.38898], [-80.25631, 43.38904], [-80.25448, 43.38934], [-80.25242, 43.38967], [-80.25084, 43.38993], [-80.24882, 43.39027], [-80.24771, 43.39045], [-80.24363, 43.39112], [-80.2411, 43.39152], [-80.2363, 43.39229], [-80.23141, 43.39309], [-80.23117, 43.39313], [-80.2263, 43.39391], [-80.22446, 43.39421], [-80.22123, 43.39474], [-80.21773, 43.39531], [-80.21136, 43.39633], [-80.20826, 43.39682], [-80.20641, 43.39712], [-80.20516, 43.39336], [-80.20338, 43.38797], [-80.20278, 43.38807], [-80.20135, 43.38367], [-80.19995, 43.37931], [-80.19842, 43.37375], [-80.19753, 43.37048], [-80.19749, 43.37038], [-80.19814, 43.37027], [-80.19811, 43.3702], [-80.19695, 43.36654], [-80.19529, 43.36133], [-80.19246, 43.3525], [-80.19243, 43.35241], [-80.19216, 43.35245], [-80.19199, 43.35193], [-80.19074, 43.34796], [-80.18929, 43.34352], [-80.19931, 43.34175], [-80.20437, 43.34087], [-80.21325, 43.33936], [-80.21349, 43.33931], [-80.21586, 43.33883], [-80.21844, 43.33838], [-80.22348, 43.33759], [-80.2284, 43.33683], [-80.23331, 43.33607], [-80.23597, 43.33563], [-80.23729, 43.33541], [-80.23798, 43.33529], [-80.23835, 43.33521], [-80.23926, 43.33506], [-80.24246, 43.33455], [-80.2431, 43.33444], [-80.24339, 43.33439], [-80.24447, 43.33419], [-80.24858, 43.3335], [-80.24762, 43.33097], [-80.2466, 43.32826], [-80.24534, 43.32494], [-80.2445, 43.32276], [-80.24371, 43.3207], [-80.24263, 43.31785], [-80.24117, 43.31408], [-80.24094, 43.31349], [-80.23977, 43.31039], [-80.23863, 43.30741], [-80.23831, 43.30658], [-80.23842, 43.30654], [-80.23852, 43.3065], [-80.23883, 43.30643], [-80.23947, 43.30632], [-80.23989, 43.30624], [-80.24025, 43.30617], [-80.24125, 43.306], [-80.24263, 43.30577], [-80.24438, 43.30547], [-80.24691, 43.30506], [-80.2487, 43.30477], [-80.25051, 43.30446], [-80.25189, 43.30422], [-80.25351, 43.30396], [-80.2538, 43.30392], [-80.25441, 43.3038], [-80.25503, 43.30368], [-80.25651, 43.3034], [-80.25714, 43.30331], [-80.25899, 43.30302], [-80.26129, 43.30266], [-80.26313, 43.30237], [-80.26443, 43.30215], [-80.26638, 43.30181], [-80.26915, 43.30134], [-80.27156, 43.30095], [-80.2728, 43.30075], [-80.27479, 43.30041], [-80.27587, 43.30021], [-80.27674, 43.30004], [-80.27756, 43.29989], [-80.27848, 43.29975], [-80.28173, 43.29922], [-80.28283, 43.29904], [-80.28325, 43.29899], [-80.2837, 43.29891], [-80.28439, 43.29878], [-80.28468, 43.29872], [-80.28542, 43.29861], [-80.28596, 43.29853], [-80.28712, 43.29831], [-80.28751, 43.29824], [-80.28837, 43.29807], [-80.28964, 43.29787], [-80.29121, 43.29762], [-80.29305, 43.2973], [-80.29446, 43.29703], [-80.29563, 43.29687], [-80.29766, 43.29654], [-80.30046, 43.29605], [-80.30323, 43.29558], [-80.30712, 43.2949], [-80.30961, 43.29449], [-80.31156, 43.29415], [-80.31483, 43.29359], [-80.31539, 43.29349], [-80.31824, 43.29299], [-80.31884, 43.29289]]]}, "properties": {"race": "north-dumfries-ward-4", "municipality": "north-dumfries", "ward": 4, "name": "North Dumfries Ward 4"}}]}
